Date, Time,Power
01.07.2022,11:00:00,212.8
01.07.2022,11:15:00,142.4
01.07.2022,11:30:00,169.6
01.07.2022,11:45:00,185.6
01.07.2022,12:00:00,211.2
01.07.2022,12:15:00,142.4
01.07.2022,12:30:00,208
01.07.2022,12:45:00,256
01.07.2022,13:00:00,206.4
01.07.2022,13:15:00,116.8
01.07.2022,13:30:00,188.8
01.07.2022,13:45:00,241.6
01.07.2022,14:00:00,209.6
01.07.2022,14:15:00,113.6
01.07.2022,14:30:00,148.8
01.07.2022,14:45:00,192
01.07.2022,15:00:00,169.6
01.07.2022,15:15:00,222.4
01.07.2022,15:30:00,288
01.07.2022,15:45:00,283.2
01.07.2022,16:00:00,211.2
01.07.2022,16:15:00,193.6
01.07.2022,16:30:00,318.4
01.07.2022,16:45:00,296
01.07.2022,17:00:00,532.8
01.07.2022,17:15:00,832
01.07.2022,17:30:00,676.8
01.07.2022,17:45:00,283.2
01.07.2022,18:00:00,478.4
01.07.2022,18:15:00,364.8
01.07.2022,18:30:00,371.2
01.07.2022,18:45:00,336
01.07.2022,19:00:00,195.2
01.07.2022,19:15:00,164.8
01.07.2022,19:30:00,139.2
01.07.2022,19:45:00,91.2
01.07.2022,20:00:00,57.6
01.07.2022,20:15:00,41.6
01.07.2022,20:30:00,35.2
01.07.2022,20:45:00,27.2
01.07.2022,21:00:00,19.2
01.07.2022,21:15:00,9.6
01.07.2022,21:30:00,1.6
01.07.2022,21:45:00,0
01.07.2022,22:00:00,0
01.07.2022,22:15:00,0
01.07.2022,22:30:00,0
01.07.2022,22:45:00,0
01.07.2022,23:00:00,0
01.07.2022,23:15:00,0
01.07.2022,23:30:00,0
01.07.2022,23:45:00,0
02.07.2022,00:00:00,0
02.07.2022,00:15:00,0
02.07.2022,00:30:00,0
02.07.2022,00:45:00,0
02.07.2022,01:00:00,0
02.07.2022,01:15:00,0
02.07.2022,01:30:00,0
02.07.2022,01:45:00,0
02.07.2022,02:00:00,0
02.07.2022,02:15:00,0
02.07.2022,02:30:00,0
02.07.2022,02:45:00,0
02.07.2022,03:00:00,0
02.07.2022,03:15:00,0
02.07.2022,03:30:00,0
02.07.2022,03:45:00,0
02.07.2022,04:00:00,0
02.07.2022,04:15:00,0
02.07.2022,04:30:00,0
02.07.2022,04:45:00,0
02.07.2022,05:00:00,0
02.07.2022,05:15:00,0
02.07.2022,05:30:00,1.6
02.07.2022,05:45:00,14.4
02.07.2022,06:00:00,24
02.07.2022,06:15:00,41.6
02.07.2022,06:30:00,48
02.07.2022,06:45:00,52.8
02.07.2022,07:00:00,76.8
02.07.2022,07:15:00,123.2
02.07.2022,07:30:00,188.8
02.07.2022,07:45:00,259.2
02.07.2022,08:00:00,332.8
02.07.2022,08:15:00,417.6
02.07.2022,08:30:00,505.6
02.07.2022,08:45:00,588.8
02.07.2022,09:00:00,665.6
02.07.2022,09:15:00,731.2
02.07.2022,09:30:00,800
02.07.2022,09:45:00,867.2
02.07.2022,10:00:00,934.4
02.07.2022,10:15:00,990.4
02.07.2022,10:30:00,1046.4
02.07.2022,10:45:00,1092.8
02.07.2022,11:00:00,1131.2
02.07.2022,11:15:00,1179.2
02.07.2022,11:30:00,1219.2
02.07.2022,11:45:00,1184
02.07.2022,12:00:00,1211.2
02.07.2022,12:15:00,1291.2
02.07.2022,12:30:00,1225.6
02.07.2022,12:45:00,1347.2
02.07.2022,13:00:00,1080
02.07.2022,13:15:00,862.4
02.07.2022,13:30:00,1366.4
02.07.2022,13:45:00,1115.2
02.07.2022,14:00:00,1144
02.07.2022,14:15:00,1016
02.07.2022,14:30:00,1251.2
02.07.2022,14:45:00,1254.4
02.07.2022,15:00:00,1232
02.07.2022,15:15:00,190.4
02.07.2022,15:30:00,177.6
02.07.2022,15:45:00,800
02.07.2022,16:00:00,1086.4
02.07.2022,16:15:00,1046.4
02.07.2022,16:30:00,993.6
02.07.2022,16:45:00,947.2
02.07.2022,17:00:00,881.6
02.07.2022,17:15:00,819.2
02.07.2022,17:30:00,748.8
02.07.2022,17:45:00,680
02.07.2022,18:00:00,600
02.07.2022,18:15:00,518.4
02.07.2022,18:30:00,435.2
02.07.2022,18:45:00,353.6
02.07.2022,19:00:00,273.6
02.07.2022,19:15:00,198.4
02.07.2022,19:30:00,134.4
02.07.2022,19:45:00,81.6
02.07.2022,20:00:00,49.6
02.07.2022,20:15:00,35.2
02.07.2022,20:30:00,30.4
02.07.2022,20:45:00,24
02.07.2022,21:00:00,17.6
02.07.2022,21:15:00,8
02.07.2022,21:30:00,1.6
02.07.2022,21:45:00,0
02.07.2022,22:00:00,0
02.07.2022,22:15:00,0
02.07.2022,22:30:00,0
02.07.2022,22:45:00,0
02.07.2022,23:00:00,0
02.07.2022,23:15:00,0
02.07.2022,23:30:00,0
02.07.2022,23:45:00,0
03.07.2022,00:00:00,0
03.07.2022,00:15:00,0
03.07.2022,00:30:00,0
03.07.2022,00:45:00,0
03.07.2022,01:00:00,0
03.07.2022,01:15:00,0
03.07.2022,01:30:00,0
03.07.2022,01:45:00,0
03.07.2022,02:00:00,0
03.07.2022,02:15:00,0
03.07.2022,02:30:00,0
03.07.2022,02:45:00,0
03.07.2022,03:00:00,0
03.07.2022,03:15:00,0
03.07.2022,03:30:00,0
03.07.2022,03:45:00,0
03.07.2022,04:00:00,0
03.07.2022,04:15:00,0
03.07.2022,04:30:00,0
03.07.2022,04:45:00,0
03.07.2022,05:00:00,0
03.07.2022,05:15:00,0
03.07.2022,05:30:00,3.2
03.07.2022,05:45:00,11.2
03.07.2022,06:00:00,20.8
03.07.2022,06:15:00,27.2
03.07.2022,06:30:00,33.6
03.07.2022,06:45:00,44.8
03.07.2022,07:00:00,72
03.07.2022,07:15:00,118.4
03.07.2022,07:30:00,180.8
03.07.2022,07:45:00,244.8
03.07.2022,08:00:00,321.6
03.07.2022,08:15:00,406.4
03.07.2022,08:30:00,491.2
03.07.2022,08:45:00,568
03.07.2022,09:00:00,638.4
03.07.2022,09:15:00,710.4
03.07.2022,09:30:00,779.2
03.07.2022,09:45:00,848
03.07.2022,10:00:00,904
03.07.2022,10:15:00,955.2
03.07.2022,10:30:00,1004.8
03.07.2022,10:45:00,1049.6
03.07.2022,11:00:00,1100.8
03.07.2022,11:15:00,1144
03.07.2022,11:30:00,1177.6
03.07.2022,11:45:00,1222.4
03.07.2022,12:00:00,1235.2
03.07.2022,12:15:00,1246.4
03.07.2022,12:30:00,1246.4
03.07.2022,12:45:00,1264
03.07.2022,13:00:00,1265.6
03.07.2022,13:15:00,1260.8
03.07.2022,13:30:00,1276.8
03.07.2022,13:45:00,1267.2
03.07.2022,14:00:00,1264
03.07.2022,14:15:00,1256
03.07.2022,14:30:00,1246.4
03.07.2022,14:45:00,1227.2
03.07.2022,15:00:00,1209.6
03.07.2022,15:15:00,1180.8
03.07.2022,15:30:00,1164.8
03.07.2022,15:45:00,1105.6
03.07.2022,16:00:00,1073.6
03.07.2022,16:15:00,1025.6
03.07.2022,16:30:00,974.4
03.07.2022,16:45:00,916.8
03.07.2022,17:00:00,868.8
03.07.2022,17:15:00,808
03.07.2022,17:30:00,742.4
03.07.2022,17:45:00,665.6
03.07.2022,18:00:00,588.8
03.07.2022,18:15:00,508.8
03.07.2022,18:30:00,430.4
03.07.2022,18:45:00,350.4
03.07.2022,19:00:00,264
03.07.2022,19:15:00,196.8
03.07.2022,19:30:00,116.8
03.07.2022,19:45:00,96
03.07.2022,20:00:00,54.4
03.07.2022,20:15:00,36.8
03.07.2022,20:30:00,30.4
03.07.2022,20:45:00,24
03.07.2022,21:00:00,14.4
03.07.2022,21:15:00,8
03.07.2022,21:30:00,1.6
03.07.2022,21:45:00,0
03.07.2022,22:00:00,0
03.07.2022,22:15:00,0
03.07.2022,22:30:00,0
03.07.2022,22:45:00,0
03.07.2022,23:00:00,0
03.07.2022,23:15:00,0
03.07.2022,23:30:00,0
03.07.2022,23:45:00,0
04.07.2022,00:00:00,0
04.07.2022,00:15:00,0
04.07.2022,00:30:00,0
04.07.2022,00:45:00,0
04.07.2022,01:00:00,0
04.07.2022,01:15:00,0
04.07.2022,01:30:00,0
04.07.2022,01:45:00,0
04.07.2022,02:00:00,0
04.07.2022,02:15:00,0
04.07.2022,02:30:00,0
04.07.2022,02:45:00,0
04.07.2022,03:00:00,0
04.07.2022,03:15:00,0
04.07.2022,03:30:00,0
04.07.2022,03:45:00,0
04.07.2022,04:00:00,0
04.07.2022,04:15:00,0
04.07.2022,04:30:00,0
04.07.2022,04:45:00,0
04.07.2022,05:00:00,0
04.07.2022,05:15:00,0
04.07.2022,05:30:00,0
04.07.2022,05:45:00,8
04.07.2022,06:00:00,17.6
04.07.2022,06:15:00,40
04.07.2022,06:30:00,59.2
04.07.2022,06:45:00,67.2
04.07.2022,07:00:00,88
04.07.2022,07:15:00,142.4
04.07.2022,07:30:00,160
04.07.2022,07:45:00,249.6
04.07.2022,08:00:00,316.8
04.07.2022,08:15:00,428.8
04.07.2022,08:30:00,459.2
04.07.2022,08:45:00,518.4
04.07.2022,09:00:00,561.6
04.07.2022,09:15:00,272
04.07.2022,09:30:00,702.4
04.07.2022,09:45:00,524.8
04.07.2022,10:00:00,672
04.07.2022,10:15:00,936
04.07.2022,10:30:00,1024
04.07.2022,10:45:00,1073.6
04.07.2022,11:00:00,1140.8
04.07.2022,11:15:00,1166.4
04.07.2022,11:30:00,1166.4
04.07.2022,11:45:00,1179.2
04.07.2022,12:00:00,1104
04.07.2022,12:15:00,1256
04.07.2022,12:30:00,1022.4
04.07.2022,12:45:00,883.2
04.07.2022,13:00:00,1116.8
04.07.2022,13:15:00,736
04.07.2022,13:30:00,1153.6
04.07.2022,13:45:00,808
04.07.2022,14:00:00,1179.2
04.07.2022,14:15:00,1248
04.07.2022,14:30:00,1305.6
04.07.2022,14:45:00,1104
04.07.2022,15:00:00,1076.8
04.07.2022,15:15:00,731.2
04.07.2022,15:30:00,936
04.07.2022,15:45:00,900.8
04.07.2022,16:00:00,1044.8
04.07.2022,16:15:00,1070.4
04.07.2022,16:30:00,913.6
04.07.2022,16:45:00,939.2
04.07.2022,17:00:00,878.4
04.07.2022,17:15:00,811.2
04.07.2022,17:30:00,742.4
04.07.2022,17:45:00,675.2
04.07.2022,18:00:00,596.8
04.07.2022,18:15:00,524.8
04.07.2022,18:30:00,457.6
04.07.2022,18:45:00,340.8
04.07.2022,19:00:00,195.2
04.07.2022,19:15:00,163.2
04.07.2022,19:30:00,187.2
04.07.2022,19:45:00,139.2
04.07.2022,20:00:00,84.8
04.07.2022,20:15:00,56
04.07.2022,20:30:00,51.2
04.07.2022,20:45:00,48
04.07.2022,21:00:00,33.6
04.07.2022,21:15:00,17.6
04.07.2022,21:30:00,8
04.07.2022,21:45:00,3.2
04.07.2022,22:00:00,0
04.07.2022,22:15:00,0
04.07.2022,22:30:00,0
04.07.2022,22:45:00,0
04.07.2022,23:00:00,0
04.07.2022,23:15:00,0
04.07.2022,23:30:00,0
04.07.2022,23:45:00,0
05.07.2022,00:00:00,0
05.07.2022,00:15:00,0
05.07.2022,00:30:00,0
05.07.2022,00:45:00,0
05.07.2022,01:00:00,0
05.07.2022,01:15:00,0
05.07.2022,01:30:00,0
05.07.2022,01:45:00,0
05.07.2022,02:00:00,0
05.07.2022,02:15:00,0
05.07.2022,02:30:00,0
05.07.2022,02:45:00,0
05.07.2022,03:00:00,0
05.07.2022,03:15:00,0
05.07.2022,03:30:00,0
05.07.2022,03:45:00,0
05.07.2022,04:00:00,0
05.07.2022,04:15:00,0
05.07.2022,04:30:00,0
05.07.2022,04:45:00,0
05.07.2022,05:00:00,0
05.07.2022,05:15:00,0
05.07.2022,05:30:00,0
05.07.2022,05:45:00,3.2
05.07.2022,06:00:00,6.4
05.07.2022,06:15:00,9.6
05.07.2022,06:30:00,12.8
05.07.2022,06:45:00,16
05.07.2022,07:00:00,25.6
05.07.2022,07:15:00,102.4
05.07.2022,07:30:00,169.6
05.07.2022,07:45:00,238.4
05.07.2022,08:00:00,316.8
05.07.2022,08:15:00,398.4
05.07.2022,08:30:00,478.4
05.07.2022,08:45:00,556.8
05.07.2022,09:00:00,633.6
05.07.2022,09:15:00,705.6
05.07.2022,09:30:00,771.2
05.07.2022,09:45:00,844.8
05.07.2022,10:00:00,905.6
05.07.2022,10:15:00,958.4
05.07.2022,10:30:00,1011.2
05.07.2022,10:45:00,1070.4
05.07.2022,11:00:00,1044.8
05.07.2022,11:15:00,812.8
05.07.2022,11:30:00,1169.6
05.07.2022,11:45:00,1200
05.07.2022,12:00:00,897.6
05.07.2022,12:15:00,496
05.07.2022,12:30:00,1363.2
05.07.2022,12:45:00,1321.6
05.07.2022,13:00:00,833.6
05.07.2022,13:15:00,880
05.07.2022,13:30:00,750.4
05.07.2022,13:45:00,844.8
05.07.2022,14:00:00,1337.6
05.07.2022,14:15:00,1172.8
05.07.2022,14:30:00,1337.6
05.07.2022,14:45:00,1208
05.07.2022,15:00:00,971.2
05.07.2022,15:15:00,1051.2
05.07.2022,15:30:00,1216
05.07.2022,15:45:00,1188.8
05.07.2022,16:00:00,976
05.07.2022,16:15:00,979.2
05.07.2022,16:30:00,705.6
05.07.2022,16:45:00,995.2
05.07.2022,17:00:00,705.6
05.07.2022,17:15:00,480
05.07.2022,17:30:00,590.4
05.07.2022,17:45:00,414.4
05.07.2022,18:00:00,678.4
05.07.2022,18:15:00,526.4
05.07.2022,18:30:00,396.8
05.07.2022,18:45:00,366.4
05.07.2022,19:00:00,204.8
05.07.2022,19:15:00,208
05.07.2022,19:30:00,145.6
05.07.2022,19:45:00,100.8
05.07.2022,20:00:00,60.8
05.07.2022,20:15:00,46.4
05.07.2022,20:30:00,38.4
05.07.2022,20:45:00,27.2
05.07.2022,21:00:00,16
05.07.2022,21:15:00,8
05.07.2022,21:30:00,1.6
05.07.2022,21:45:00,0
05.07.2022,22:00:00,0
05.07.2022,22:15:00,0
05.07.2022,22:30:00,0
05.07.2022,22:45:00,0
05.07.2022,23:00:00,0
05.07.2022,23:15:00,0
05.07.2022,23:30:00,0
05.07.2022,23:45:00,0
06.07.2022,00:00:00,0
06.07.2022,00:15:00,0
06.07.2022,00:30:00,0
06.07.2022,00:45:00,0
06.07.2022,01:00:00,0
06.07.2022,01:15:00,0
06.07.2022,01:30:00,0
06.07.2022,01:45:00,0
06.07.2022,02:00:00,0
06.07.2022,02:15:00,0
06.07.2022,02:30:00,0
06.07.2022,02:45:00,0
06.07.2022,03:00:00,0
06.07.2022,03:15:00,0
06.07.2022,03:30:00,0
06.07.2022,03:45:00,0
06.07.2022,04:00:00,0
06.07.2022,04:15:00,0
06.07.2022,04:30:00,0
06.07.2022,04:45:00,0
06.07.2022,05:00:00,0
06.07.2022,05:15:00,0
06.07.2022,05:30:00,0
06.07.2022,05:45:00,8
06.07.2022,06:00:00,25.6
06.07.2022,06:15:00,40
06.07.2022,06:30:00,73.6
06.07.2022,06:45:00,86.4
06.07.2022,07:00:00,94.4
06.07.2022,07:15:00,118.4
06.07.2022,07:30:00,174.4
06.07.2022,07:45:00,243.2
06.07.2022,08:00:00,320
06.07.2022,08:15:00,422.4
06.07.2022,08:30:00,454.4
06.07.2022,08:45:00,432
06.07.2022,09:00:00,395.2
06.07.2022,09:15:00,457.6
06.07.2022,09:30:00,558.4
06.07.2022,09:45:00,529.6
06.07.2022,10:00:00,563.2
06.07.2022,10:15:00,934.4
06.07.2022,10:30:00,1027.2
06.07.2022,10:45:00,1008
06.07.2022,11:00:00,952
06.07.2022,11:15:00,902.4
06.07.2022,11:30:00,630.4
06.07.2022,11:45:00,828.8
06.07.2022,12:00:00,937.6
06.07.2022,12:15:00,716.8
06.07.2022,12:30:00,753.6
06.07.2022,12:45:00,1059.2
06.07.2022,13:00:00,675.2
06.07.2022,13:15:00,1241.6
06.07.2022,13:30:00,1212.8
06.07.2022,13:45:00,1361.6
06.07.2022,14:00:00,1353.6
06.07.2022,14:15:00,1308.8
06.07.2022,14:30:00,734.4
06.07.2022,14:45:00,1256
06.07.2022,15:00:00,963.2
06.07.2022,15:15:00,1052.8
06.07.2022,15:30:00,1060.8
06.07.2022,15:45:00,1200
06.07.2022,16:00:00,1030.4
06.07.2022,16:15:00,905.6
06.07.2022,16:30:00,1006.4
06.07.2022,16:45:00,977.6
06.07.2022,17:00:00,902.4
06.07.2022,17:15:00,872
06.07.2022,17:30:00,827.2
06.07.2022,17:45:00,729.6
06.07.2022,18:00:00,579.2
06.07.2022,18:15:00,476.8
06.07.2022,18:30:00,452.8
06.07.2022,18:45:00,235.2
06.07.2022,19:00:00,108.8
06.07.2022,19:15:00,134.4
06.07.2022,19:30:00,124.8
06.07.2022,19:45:00,112
06.07.2022,20:00:00,96
06.07.2022,20:15:00,76.8
06.07.2022,20:30:00,56
06.07.2022,20:45:00,52.8
06.07.2022,21:00:00,43.2
06.07.2022,21:15:00,43.2
06.07.2022,21:30:00,17.6
06.07.2022,21:45:00,0
06.07.2022,22:00:00,0
06.07.2022,22:15:00,0
06.07.2022,22:30:00,0
06.07.2022,22:45:00,0
06.07.2022,23:00:00,0
06.07.2022,23:15:00,0
06.07.2022,23:30:00,0
06.07.2022,23:45:00,0
07.07.2022,00:00:00,0
07.07.2022,00:15:00,0
07.07.2022,00:30:00,0
07.07.2022,00:45:00,0
07.07.2022,01:00:00,0
07.07.2022,01:15:00,0
07.07.2022,01:30:00,0
07.07.2022,01:45:00,0
07.07.2022,02:00:00,0
07.07.2022,02:15:00,0
07.07.2022,02:30:00,0
07.07.2022,02:45:00,0
07.07.2022,03:00:00,0
07.07.2022,03:15:00,0
07.07.2022,03:30:00,0
07.07.2022,03:45:00,0
07.07.2022,04:00:00,0
07.07.2022,04:15:00,0
07.07.2022,04:30:00,0
07.07.2022,04:45:00,0
07.07.2022,05:00:00,0
07.07.2022,05:15:00,0
07.07.2022,05:30:00,0
07.07.2022,05:45:00,0
07.07.2022,06:00:00,0
07.07.2022,06:15:00,8
07.07.2022,06:30:00,32
07.07.2022,06:45:00,33.6
07.07.2022,07:00:00,46.4
07.07.2022,07:15:00,41.6
07.07.2022,07:30:00,64
07.07.2022,07:45:00,51.2
07.07.2022,08:00:00,52.8
07.07.2022,08:15:00,115.2
07.07.2022,08:30:00,96
07.07.2022,08:45:00,76.8
07.07.2022,09:00:00,78.4
07.07.2022,09:15:00,78.4
07.07.2022,09:30:00,102.4
07.07.2022,09:45:00,120
07.07.2022,10:00:00,89.6
07.07.2022,10:15:00,92.8
07.07.2022,10:30:00,113.6
07.07.2022,10:45:00,118.4
07.07.2022,11:00:00,155.2
07.07.2022,11:15:00,289.6
07.07.2022,11:30:00,248
07.07.2022,11:45:00,353.6
07.07.2022,12:00:00,206.4
07.07.2022,12:15:00,238.4
07.07.2022,12:30:00,428.8
07.07.2022,12:45:00,657.6
07.07.2022,13:00:00,228.8
07.07.2022,13:15:00,192
07.07.2022,13:30:00,171.2
07.07.2022,13:45:00,251.2
07.07.2022,14:00:00,366.4
07.07.2022,14:15:00,308.8
07.07.2022,14:30:00,404.8
07.07.2022,14:45:00,488
07.07.2022,15:00:00,563.2
07.07.2022,15:15:00,993.6
07.07.2022,15:30:00,508.8
07.07.2022,15:45:00,256
07.07.2022,16:00:00,76.8
07.07.2022,16:15:00,227.2
07.07.2022,16:30:00,384
07.07.2022,16:45:00,347.2
07.07.2022,17:00:00,220.8
07.07.2022,17:15:00,195.2
07.07.2022,17:30:00,372.8
07.07.2022,17:45:00,478.4
07.07.2022,18:00:00,576
07.07.2022,18:15:00,361.6
07.07.2022,18:30:00,136
07.07.2022,18:45:00,89.6
07.07.2022,19:00:00,99.2
07.07.2022,19:15:00,174.4
07.07.2022,19:30:00,179.2
07.07.2022,19:45:00,64
07.07.2022,20:00:00,38.4
07.07.2022,20:15:00,33.6
07.07.2022,20:30:00,32
07.07.2022,20:45:00,12.8
07.07.2022,21:00:00,4.8
07.07.2022,21:15:00,0
07.07.2022,21:30:00,0
07.07.2022,21:45:00,0
07.07.2022,22:00:00,0
07.07.2022,22:15:00,0
07.07.2022,22:30:00,0
07.07.2022,22:45:00,0
07.07.2022,23:00:00,0
07.07.2022,23:15:00,0
07.07.2022,23:30:00,0
07.07.2022,23:45:00,0
08.07.2022,00:00:00,0
08.07.2022,00:15:00,0
08.07.2022,00:30:00,0
08.07.2022,00:45:00,0
08.07.2022,01:00:00,0
08.07.2022,01:15:00,0
08.07.2022,01:30:00,0
08.07.2022,01:45:00,0
08.07.2022,02:00:00,0
08.07.2022,02:15:00,0
08.07.2022,02:30:00,0
08.07.2022,02:45:00,0
08.07.2022,03:00:00,0
08.07.2022,03:15:00,0
08.07.2022,03:30:00,0
08.07.2022,03:45:00,0
08.07.2022,04:00:00,0
08.07.2022,04:15:00,0
08.07.2022,04:30:00,0
08.07.2022,04:45:00,0
08.07.2022,05:00:00,0
08.07.2022,05:15:00,0
08.07.2022,05:30:00,0
08.07.2022,05:45:00,3.2
08.07.2022,06:00:00,19.2
08.07.2022,06:15:00,27.2
08.07.2022,06:30:00,41.6
08.07.2022,06:45:00,59.2
08.07.2022,07:00:00,72
08.07.2022,07:15:00,86.4
08.07.2022,07:30:00,110.4
08.07.2022,07:45:00,129.6
08.07.2022,08:00:00,131.2
08.07.2022,08:15:00,137.6
08.07.2022,08:30:00,148.8
08.07.2022,08:45:00,144
08.07.2022,09:00:00,241.6
08.07.2022,09:15:00,512
08.07.2022,09:30:00,745.6
08.07.2022,09:45:00,622.4
08.07.2022,10:00:00,662.4
08.07.2022,10:15:00,720
08.07.2022,10:30:00,1019.2
08.07.2022,10:45:00,428.8
08.07.2022,11:00:00,707.2
08.07.2022,11:15:00,716.8
08.07.2022,11:30:00,659.2
08.07.2022,11:45:00,360
08.07.2022,12:00:00,476.8
08.07.2022,12:15:00,566.4
08.07.2022,12:30:00,428.8
08.07.2022,12:45:00,489.6
08.07.2022,13:00:00,732.8
08.07.2022,13:15:00,1009.6
08.07.2022,13:30:00,1440
08.07.2022,13:45:00,1430.4
08.07.2022,14:00:00,1056
08.07.2022,14:15:00,1112
08.07.2022,14:30:00,1128
08.07.2022,14:45:00,446.4
08.07.2022,15:00:00,923.2
08.07.2022,15:15:00,1142.4
08.07.2022,15:30:00,720
08.07.2022,15:45:00,878.4
08.07.2022,16:00:00,1233.6
08.07.2022,16:15:00,732.8
08.07.2022,16:30:00,1072
08.07.2022,16:45:00,990.4
08.07.2022,17:00:00,910.4
08.07.2022,17:15:00,652.8
08.07.2022,17:30:00,782.4
08.07.2022,17:45:00,611.2
08.07.2022,18:00:00,604.8
08.07.2022,18:15:00,550.4
08.07.2022,18:30:00,513.6
08.07.2022,18:45:00,328
08.07.2022,19:00:00,334.4
08.07.2022,19:15:00,321.6
08.07.2022,19:30:00,172.8
08.07.2022,19:45:00,97.6
08.07.2022,20:00:00,84.8
08.07.2022,20:15:00,56
08.07.2022,20:30:00,35.2
08.07.2022,20:45:00,17.6
08.07.2022,21:00:00,6.4
08.07.2022,21:15:00,1.6
08.07.2022,21:30:00,0
08.07.2022,21:45:00,0
08.07.2022,22:00:00,0
08.07.2022,22:15:00,0
08.07.2022,22:30:00,0
08.07.2022,22:45:00,0
08.07.2022,23:00:00,0
08.07.2022,23:15:00,0
08.07.2022,23:30:00,0
08.07.2022,23:45:00,0
09.07.2022,00:00:00,0
09.07.2022,00:15:00,0
09.07.2022,00:30:00,0
09.07.2022,00:45:00,0
09.07.2022,01:00:00,0
09.07.2022,01:15:00,0
09.07.2022,01:30:00,0
09.07.2022,01:45:00,0
09.07.2022,02:00:00,0
09.07.2022,02:15:00,0
09.07.2022,02:30:00,0
09.07.2022,02:45:00,0
09.07.2022,03:00:00,0
09.07.2022,03:15:00,0
09.07.2022,03:30:00,0
09.07.2022,03:45:00,0
09.07.2022,04:00:00,0
09.07.2022,04:15:00,0
09.07.2022,04:30:00,0
09.07.2022,04:45:00,0
09.07.2022,05:00:00,0
09.07.2022,05:15:00,0
09.07.2022,05:30:00,0
09.07.2022,05:45:00,8
09.07.2022,06:00:00,17.6
09.07.2022,06:15:00,28.8
09.07.2022,06:30:00,44.8
09.07.2022,06:45:00,57.6
09.07.2022,07:00:00,60.8
09.07.2022,07:15:00,91.2
09.07.2022,07:30:00,140.8
09.07.2022,07:45:00,177.6
09.07.2022,08:00:00,176
09.07.2022,08:15:00,284.8
09.07.2022,08:30:00,270.4
09.07.2022,08:45:00,441.6
09.07.2022,09:00:00,633.6
09.07.2022,09:15:00,595.2
09.07.2022,09:30:00,464
09.07.2022,09:45:00,452.8
09.07.2022,10:00:00,672
09.07.2022,10:15:00,492.8
09.07.2022,10:30:00,593.6
09.07.2022,10:45:00,873.6
09.07.2022,11:00:00,729.6
09.07.2022,11:15:00,760
09.07.2022,11:30:00,398.4
09.07.2022,11:45:00,336
09.07.2022,12:00:00,363.2
09.07.2022,12:15:00,387.2
09.07.2022,12:30:00,153.6
09.07.2022,12:45:00,196.8
09.07.2022,13:00:00,497.6
09.07.2022,13:15:00,372.8
09.07.2022,13:30:00,358.4
09.07.2022,13:45:00,993.6
09.07.2022,14:00:00,795.2
09.07.2022,14:15:00,1032
09.07.2022,14:30:00,916.8
09.07.2022,14:45:00,755.2
09.07.2022,15:00:00,576
09.07.2022,15:15:00,427.2
09.07.2022,15:30:00,596.8
09.07.2022,15:45:00,409.6
09.07.2022,16:00:00,284.8
09.07.2022,16:15:00,246.4
09.07.2022,16:30:00,217.6
09.07.2022,16:45:00,172.8
09.07.2022,17:00:00,100.8
09.07.2022,17:15:00,528
09.07.2022,17:30:00,528
09.07.2022,17:45:00,193.6
09.07.2022,18:00:00,56
09.07.2022,18:15:00,33.6
09.07.2022,18:30:00,60.8
09.07.2022,18:45:00,89.6
09.07.2022,19:00:00,83.2
09.07.2022,19:15:00,83.2
09.07.2022,19:30:00,110.4
09.07.2022,19:45:00,86.4
09.07.2022,20:00:00,60.8
09.07.2022,20:15:00,41.6
09.07.2022,20:30:00,20.8
09.07.2022,20:45:00,1.6
09.07.2022,21:00:00,0
09.07.2022,21:15:00,0
09.07.2022,21:30:00,0
09.07.2022,21:45:00,0
09.07.2022,22:00:00,0
09.07.2022,22:15:00,0
09.07.2022,22:30:00,0
09.07.2022,22:45:00,0
09.07.2022,23:00:00,0
09.07.2022,23:15:00,0
09.07.2022,23:30:00,0
09.07.2022,23:45:00,0
10.07.2022,00:00:00,0
10.07.2022,00:15:00,0
10.07.2022,00:30:00,0
10.07.2022,00:45:00,0
10.07.2022,01:00:00,0
10.07.2022,01:15:00,0
10.07.2022,01:30:00,0
10.07.2022,01:45:00,0
10.07.2022,02:00:00,0
10.07.2022,02:15:00,0
10.07.2022,02:30:00,0
10.07.2022,02:45:00,0
10.07.2022,03:00:00,0
10.07.2022,03:15:00,0
10.07.2022,03:30:00,0
10.07.2022,03:45:00,0
10.07.2022,04:00:00,0
10.07.2022,04:15:00,0
10.07.2022,04:30:00,0
10.07.2022,04:45:00,0
10.07.2022,05:00:00,0
10.07.2022,05:15:00,0
10.07.2022,05:30:00,0
10.07.2022,05:45:00,8
10.07.2022,06:00:00,16
10.07.2022,06:15:00,25.6
10.07.2022,06:30:00,33.6
10.07.2022,06:45:00,41.6
10.07.2022,07:00:00,64
10.07.2022,07:15:00,107.2
10.07.2022,07:30:00,158.4
10.07.2022,07:45:00,118.4
10.07.2022,08:00:00,174.4
10.07.2022,08:15:00,248
10.07.2022,08:30:00,299.2
10.07.2022,08:45:00,518.4
10.07.2022,09:00:00,556.8
10.07.2022,09:15:00,337.6
10.07.2022,09:30:00,339.2
10.07.2022,09:45:00,323.2
10.07.2022,10:00:00,403.2
10.07.2022,10:15:00,348.8
10.07.2022,10:30:00,744
10.07.2022,10:45:00,414.4
10.07.2022,11:00:00,238.4
10.07.2022,11:15:00,227.2
10.07.2022,11:30:00,244.8
10.07.2022,11:45:00,480
10.07.2022,12:00:00,432
10.07.2022,12:15:00,584
10.07.2022,12:30:00,552
10.07.2022,12:45:00,699.2
10.07.2022,13:00:00,857.6
10.07.2022,13:15:00,689.6
10.07.2022,13:30:00,723.2
10.07.2022,13:45:00,566.4
10.07.2022,14:00:00,958.4
10.07.2022,14:15:00,795.2
10.07.2022,14:30:00,676.8
10.07.2022,14:45:00,484.8
10.07.2022,15:00:00,774.4
10.07.2022,15:15:00,539.2
10.07.2022,15:30:00,428.8
10.07.2022,15:45:00,635.2
10.07.2022,16:00:00,692.8
10.07.2022,16:15:00,739.2
10.07.2022,16:30:00,571.2
10.07.2022,16:45:00,619.2
10.07.2022,17:00:00,692.8
10.07.2022,17:15:00,752
10.07.2022,17:30:00,435.2
10.07.2022,17:45:00,404.8
10.07.2022,18:00:00,305.6
10.07.2022,18:15:00,332.8
10.07.2022,18:30:00,307.2
10.07.2022,18:45:00,208
10.07.2022,19:00:00,176
10.07.2022,19:15:00,126.4
10.07.2022,19:30:00,126.4
10.07.2022,19:45:00,92.8
10.07.2022,20:00:00,88
10.07.2022,20:15:00,65.6
10.07.2022,20:30:00,40
10.07.2022,20:45:00,19.2
10.07.2022,21:00:00,8
10.07.2022,21:15:00,0
10.07.2022,21:30:00,0
10.07.2022,21:45:00,0
10.07.2022,22:00:00,0
10.07.2022,22:15:00,0
10.07.2022,22:30:00,0
10.07.2022,22:45:00,0
10.07.2022,23:00:00,0
10.07.2022,23:15:00,0
10.07.2022,23:30:00,0
10.07.2022,23:45:00,0
11.07.2022,00:00:00,0
11.07.2022,00:15:00,0
11.07.2022,00:30:00,0
11.07.2022,00:45:00,0
11.07.2022,01:00:00,0
11.07.2022,01:15:00,0
11.07.2022,01:30:00,0
11.07.2022,01:45:00,0
11.07.2022,02:00:00,0
11.07.2022,02:15:00,0
11.07.2022,02:30:00,0
11.07.2022,02:45:00,0
11.07.2022,03:00:00,0
11.07.2022,03:15:00,0
11.07.2022,03:30:00,0
11.07.2022,03:45:00,0
11.07.2022,04:00:00,0
11.07.2022,04:15:00,0
11.07.2022,04:30:00,0
11.07.2022,04:45:00,0
11.07.2022,05:00:00,0
11.07.2022,05:15:00,0
11.07.2022,05:30:00,0
11.07.2022,05:45:00,3.2
11.07.2022,06:00:00,14.4
11.07.2022,06:15:00,24
11.07.2022,06:30:00,43.2
11.07.2022,06:45:00,22.4
11.07.2022,07:00:00,25.6
11.07.2022,07:15:00,48
11.07.2022,07:30:00,57.6
11.07.2022,07:45:00,128
11.07.2022,08:00:00,201.6
11.07.2022,08:15:00,166.4
11.07.2022,08:30:00,252.8
11.07.2022,08:45:00,224
11.07.2022,09:00:00,192
11.07.2022,09:15:00,254.4
11.07.2022,09:30:00,201.6
11.07.2022,09:45:00,158.4
11.07.2022,10:00:00,204.8
11.07.2022,10:15:00,369.6
11.07.2022,10:30:00,393.6
11.07.2022,10:45:00,163.2
11.07.2022,11:00:00,214.4
11.07.2022,11:15:00,99.2
11.07.2022,11:30:00,297.6
11.07.2022,11:45:00,283.2
11.07.2022,12:00:00,232
11.07.2022,12:15:00,246.4
11.07.2022,12:30:00,244.8
11.07.2022,12:45:00,254.4
11.07.2022,13:00:00,592
11.07.2022,13:15:00,969.6
11.07.2022,13:30:00,876.8
11.07.2022,13:45:00,1113.6
11.07.2022,14:00:00,956.8
11.07.2022,14:15:00,934.4
11.07.2022,14:30:00,361.6
11.07.2022,14:45:00,240
11.07.2022,15:00:00,169.6
11.07.2022,15:15:00,390.4
11.07.2022,15:30:00,467.2
11.07.2022,15:45:00,195.2
11.07.2022,16:00:00,323.2
11.07.2022,16:15:00,566.4
11.07.2022,16:30:00,296
11.07.2022,16:45:00,203.2
11.07.2022,17:00:00,475.2
11.07.2022,17:15:00,172.8
11.07.2022,17:30:00,244.8
11.07.2022,17:45:00,289.6
11.07.2022,18:00:00,121.6
11.07.2022,18:15:00,59.2
11.07.2022,18:30:00,60.8
11.07.2022,18:45:00,76.8
11.07.2022,19:00:00,177.6
11.07.2022,19:15:00,180.8
11.07.2022,19:30:00,184
11.07.2022,19:45:00,144
11.07.2022,20:00:00,107.2
11.07.2022,20:15:00,80
11.07.2022,20:30:00,49.6
11.07.2022,20:45:00,25.6
11.07.2022,21:00:00,17.6
11.07.2022,21:15:00,11.2
11.07.2022,21:30:00,0
11.07.2022,21:45:00,0
11.07.2022,22:00:00,0
11.07.2022,22:15:00,0
11.07.2022,22:30:00,0
11.07.2022,22:45:00,0
11.07.2022,23:00:00,0
11.07.2022,23:15:00,0
11.07.2022,23:30:00,0
11.07.2022,23:45:00,0
12.07.2022,00:00:00,0
12.07.2022,00:15:00,0
12.07.2022,00:30:00,0
12.07.2022,00:45:00,0
12.07.2022,01:00:00,0
12.07.2022,01:15:00,0
12.07.2022,01:30:00,0
12.07.2022,01:45:00,0
12.07.2022,02:00:00,0
12.07.2022,02:15:00,0
12.07.2022,02:30:00,0
12.07.2022,02:45:00,0
12.07.2022,03:00:00,0
12.07.2022,03:15:00,0
12.07.2022,03:30:00,0
12.07.2022,03:45:00,0
12.07.2022,04:00:00,0
12.07.2022,04:15:00,0
12.07.2022,04:30:00,0
12.07.2022,04:45:00,0
12.07.2022,05:00:00,0
12.07.2022,05:15:00,0
12.07.2022,05:30:00,1.6
12.07.2022,05:45:00,11.2
12.07.2022,06:00:00,25.6
12.07.2022,06:15:00,35.2
12.07.2022,06:30:00,40
12.07.2022,06:45:00,44.8
12.07.2022,07:00:00,64
12.07.2022,07:15:00,76.8
12.07.2022,07:30:00,94.4
12.07.2022,07:45:00,243.2
12.07.2022,08:00:00,315.2
12.07.2022,08:15:00,395.2
12.07.2022,08:30:00,480
12.07.2022,08:45:00,572.8
12.07.2022,09:00:00,542.4
12.07.2022,09:15:00,462.4
12.07.2022,09:30:00,811.2
12.07.2022,09:45:00,675.2
12.07.2022,10:00:00,841.6
12.07.2022,10:15:00,1000
12.07.2022,10:30:00,1129.6
12.07.2022,10:45:00,1220.8
12.07.2022,11:00:00,1217.6
12.07.2022,11:15:00,1222.4
12.07.2022,11:30:00,745.6
12.07.2022,11:45:00,1193.6
12.07.2022,12:00:00,1329.6
12.07.2022,12:15:00,1379.2
12.07.2022,12:30:00,1328
12.07.2022,12:45:00,1316.8
12.07.2022,13:00:00,1304
12.07.2022,13:15:00,1316.8
12.07.2022,13:30:00,1163.2
12.07.2022,13:45:00,1115.2
12.07.2022,14:00:00,1304
12.07.2022,14:15:00,1272
12.07.2022,14:30:00,897.6
12.07.2022,14:45:00,1251.2
12.07.2022,15:00:00,1208
12.07.2022,15:15:00,1180.8
12.07.2022,15:30:00,1164.8
12.07.2022,15:45:00,1115.2
12.07.2022,16:00:00,1083.2
12.07.2022,16:15:00,1028.8
12.07.2022,16:30:00,974.4
12.07.2022,16:45:00,672
12.07.2022,17:00:00,886.4
12.07.2022,17:15:00,808
12.07.2022,17:30:00,737.6
12.07.2022,17:45:00,641.6
12.07.2022,18:00:00,526.4
12.07.2022,18:15:00,515.2
12.07.2022,18:30:00,427.2
12.07.2022,18:45:00,352
12.07.2022,19:00:00,267.2
12.07.2022,19:15:00,188.8
12.07.2022,19:30:00,115.2
12.07.2022,19:45:00,64
12.07.2022,20:00:00,78.4
12.07.2022,20:15:00,72
12.07.2022,20:30:00,65.6
12.07.2022,20:45:00,49.6
12.07.2022,21:00:00,30.4
12.07.2022,21:15:00,8
12.07.2022,21:30:00,0
12.07.2022,21:45:00,0
12.07.2022,22:00:00,0
12.07.2022,22:15:00,0
12.07.2022,22:30:00,0
12.07.2022,22:45:00,0
12.07.2022,23:00:00,0
12.07.2022,23:15:00,0
12.07.2022,23:30:00,0
12.07.2022,23:45:00,0
13.07.2022,00:00:00,0
13.07.2022,00:15:00,0
13.07.2022,00:30:00,0
13.07.2022,00:45:00,0
13.07.2022,01:00:00,0
13.07.2022,01:15:00,0
13.07.2022,01:30:00,0
13.07.2022,01:45:00,0
13.07.2022,02:00:00,0
13.07.2022,02:15:00,0
13.07.2022,02:30:00,0
13.07.2022,02:45:00,0
13.07.2022,03:00:00,0
13.07.2022,03:15:00,0
13.07.2022,03:30:00,0
13.07.2022,03:45:00,0
13.07.2022,04:00:00,0
13.07.2022,04:15:00,0
13.07.2022,04:30:00,0
13.07.2022,04:45:00,0
13.07.2022,05:00:00,0
13.07.2022,05:15:00,0
13.07.2022,05:30:00,0
13.07.2022,05:45:00,3.2
13.07.2022,06:00:00,9.6
13.07.2022,06:15:00,19.2
13.07.2022,06:30:00,41.6
13.07.2022,06:45:00,92.8
13.07.2022,07:00:00,134.4
13.07.2022,07:15:00,150.4
13.07.2022,07:30:00,150.4
13.07.2022,07:45:00,144
13.07.2022,08:00:00,140.8
13.07.2022,08:15:00,193.6
13.07.2022,08:30:00,203.2
13.07.2022,08:45:00,241.6
13.07.2022,09:00:00,264
13.07.2022,09:15:00,286.4
13.07.2022,09:30:00,436.8
13.07.2022,09:45:00,414.4
13.07.2022,10:00:00,454.4
13.07.2022,10:15:00,609.6
13.07.2022,10:30:00,622.4
13.07.2022,10:45:00,995.2
13.07.2022,11:00:00,1116.8
13.07.2022,11:15:00,1070.4
13.07.2022,11:30:00,995.2
13.07.2022,11:45:00,1200
13.07.2022,12:00:00,1094.4
13.07.2022,12:15:00,763.2
13.07.2022,12:30:00,889.6
13.07.2022,12:45:00,784
13.07.2022,13:00:00,1232
13.07.2022,13:15:00,696
13.07.2022,13:30:00,833.6
13.07.2022,13:45:00,992
13.07.2022,14:00:00,596.8
13.07.2022,14:15:00,830.4
13.07.2022,14:30:00,720
13.07.2022,14:45:00,462.4
13.07.2022,15:00:00,544
13.07.2022,15:15:00,499.2
13.07.2022,15:30:00,561.6
13.07.2022,15:45:00,673.6
13.07.2022,16:00:00,582.4
13.07.2022,16:15:00,1089.6
13.07.2022,16:30:00,846.4
13.07.2022,16:45:00,611.2
13.07.2022,17:00:00,820.8
13.07.2022,17:15:00,500.8
13.07.2022,17:30:00,366.4
13.07.2022,17:45:00,582.4
13.07.2022,18:00:00,588.8
13.07.2022,18:15:00,396.8
13.07.2022,18:30:00,376
13.07.2022,18:45:00,345.6
13.07.2022,19:00:00,265.6
13.07.2022,19:15:00,246.4
13.07.2022,19:30:00,160
13.07.2022,19:45:00,89.6
13.07.2022,20:00:00,52.8
13.07.2022,20:15:00,38.4
13.07.2022,20:30:00,48
13.07.2022,20:45:00,36.8
13.07.2022,21:00:00,24
13.07.2022,21:15:00,12.8
13.07.2022,21:30:00,1.6
13.07.2022,21:45:00,0
13.07.2022,22:00:00,0
13.07.2022,22:15:00,0
13.07.2022,22:30:00,0
13.07.2022,22:45:00,0
13.07.2022,23:00:00,0
13.07.2022,23:15:00,0
13.07.2022,23:30:00,0
13.07.2022,23:45:00,0
14.07.2022,00:00:00,0
14.07.2022,00:15:00,0
14.07.2022,00:30:00,0
14.07.2022,00:45:00,0
14.07.2022,01:00:00,0
14.07.2022,01:15:00,0
14.07.2022,01:30:00,0
14.07.2022,01:45:00,0
14.07.2022,02:00:00,0
14.07.2022,02:15:00,0
14.07.2022,02:30:00,0
14.07.2022,02:45:00,0
14.07.2022,03:00:00,0
14.07.2022,03:15:00,0
14.07.2022,03:30:00,0
14.07.2022,03:45:00,0
14.07.2022,04:00:00,0
14.07.2022,04:15:00,0
14.07.2022,04:30:00,0
14.07.2022,04:45:00,0
14.07.2022,05:00:00,0
14.07.2022,05:15:00,0
14.07.2022,05:30:00,0
14.07.2022,05:45:00,1.6
14.07.2022,06:00:00,8
14.07.2022,06:15:00,17.6
14.07.2022,06:30:00,28.8
14.07.2022,06:45:00,41.6
14.07.2022,07:00:00,81.6
14.07.2022,07:15:00,100.8
14.07.2022,07:30:00,166.4
14.07.2022,07:45:00,252.8
14.07.2022,08:00:00,248
14.07.2022,08:15:00,248
14.07.2022,08:30:00,254.4
14.07.2022,08:45:00,267.2
14.07.2022,09:00:00,206.4
14.07.2022,09:15:00,248
14.07.2022,09:30:00,308.8
14.07.2022,09:45:00,624
14.07.2022,10:00:00,710.4
14.07.2022,10:15:00,772.8
14.07.2022,10:30:00,897.6
14.07.2022,10:45:00,1008
14.07.2022,11:00:00,1081.6
14.07.2022,11:15:00,992
14.07.2022,11:30:00,654.4
14.07.2022,11:45:00,643.2
14.07.2022,12:00:00,1038.4
14.07.2022,12:15:00,1038.4
14.07.2022,12:30:00,1254.4
14.07.2022,12:45:00,940.8
14.07.2022,13:00:00,1161.6
14.07.2022,13:15:00,1088
14.07.2022,13:30:00,1230.4
14.07.2022,13:45:00,1150.4
14.07.2022,14:00:00,1203.2
14.07.2022,14:15:00,1115.2
14.07.2022,14:30:00,764.8
14.07.2022,14:45:00,868.8
14.07.2022,15:00:00,620.8
14.07.2022,15:15:00,902.4
14.07.2022,15:30:00,1156.8
14.07.2022,15:45:00,345.6
14.07.2022,16:00:00,358.4
14.07.2022,16:15:00,417.6
14.07.2022,16:30:00,640
14.07.2022,16:45:00,510.4
14.07.2022,17:00:00,328
14.07.2022,17:15:00,251.2
14.07.2022,17:30:00,305.6
14.07.2022,17:45:00,296
14.07.2022,18:00:00,283.2
14.07.2022,18:15:00,235.2
14.07.2022,18:30:00,236.8
14.07.2022,18:45:00,184
14.07.2022,19:00:00,152
14.07.2022,19:15:00,116.8
14.07.2022,19:30:00,107.2
14.07.2022,19:45:00,44.8
14.07.2022,20:00:00,48
14.07.2022,20:15:00,33.6
14.07.2022,20:30:00,28.8
14.07.2022,20:45:00,36.8
14.07.2022,21:00:00,35.2
14.07.2022,21:15:00,24
14.07.2022,21:30:00,1.6
14.07.2022,21:45:00,0
14.07.2022,22:00:00,0
14.07.2022,22:15:00,0
14.07.2022,22:30:00,0
14.07.2022,22:45:00,0
14.07.2022,23:00:00,0
14.07.2022,23:15:00,0
14.07.2022,23:30:00,0
14.07.2022,23:45:00,0
15.07.2022,00:00:00,0
15.07.2022,00:15:00,0
15.07.2022,00:30:00,0
15.07.2022,00:45:00,0
15.07.2022,01:00:00,0
15.07.2022,01:15:00,0
15.07.2022,01:30:00,0
15.07.2022,01:45:00,0
15.07.2022,02:00:00,0
15.07.2022,02:15:00,0
15.07.2022,02:30:00,0
15.07.2022,02:45:00,0
15.07.2022,03:00:00,0
15.07.2022,03:15:00,0
15.07.2022,03:30:00,0
15.07.2022,03:45:00,0
15.07.2022,04:00:00,0
15.07.2022,04:15:00,0
15.07.2022,04:30:00,0
15.07.2022,04:45:00,0
15.07.2022,05:00:00,0
15.07.2022,05:15:00,0
15.07.2022,05:30:00,0
15.07.2022,05:45:00,6.4
15.07.2022,06:00:00,16
15.07.2022,06:15:00,27.2
15.07.2022,06:30:00,38.4
15.07.2022,06:45:00,48
15.07.2022,07:00:00,70.4
15.07.2022,07:15:00,112
15.07.2022,07:30:00,172.8
15.07.2022,07:45:00,200
15.07.2022,08:00:00,236.8
15.07.2022,08:15:00,240
15.07.2022,08:30:00,310.4
15.07.2022,08:45:00,420.8
15.07.2022,09:00:00,395.2
15.07.2022,09:15:00,678.4
15.07.2022,09:30:00,808
15.07.2022,09:45:00,611.2
15.07.2022,10:00:00,560
15.07.2022,10:15:00,665.6
15.07.2022,10:30:00,592
15.07.2022,10:45:00,651.2
15.07.2022,11:00:00,984
15.07.2022,11:15:00,745.6
15.07.2022,11:30:00,664
15.07.2022,11:45:00,516.8
15.07.2022,12:00:00,1110.4
15.07.2022,12:15:00,993.6
15.07.2022,12:30:00,1187.2
15.07.2022,12:45:00,443.2
15.07.2022,13:00:00,1100.8
15.07.2022,13:15:00,1331.2
15.07.2022,13:30:00,771.2
15.07.2022,13:45:00,683.2
15.07.2022,14:00:00,1134.4
15.07.2022,14:15:00,614.4
15.07.2022,14:30:00,937.6
15.07.2022,14:45:00,761.6
15.07.2022,15:00:00,620.8
15.07.2022,15:15:00,971.2
15.07.2022,15:30:00,712
15.07.2022,15:45:00,1150.4
15.07.2022,16:00:00,1126.4
15.07.2022,16:15:00,601.6
15.07.2022,16:30:00,1051.2
15.07.2022,16:45:00,880
15.07.2022,17:00:00,857.6
15.07.2022,17:15:00,884.8
15.07.2022,17:30:00,475.2
15.07.2022,17:45:00,281.6
15.07.2022,18:00:00,257.6
15.07.2022,18:15:00,502.4
15.07.2022,18:30:00,470.4
15.07.2022,18:45:00,396.8
15.07.2022,19:00:00,302.4
15.07.2022,19:15:00,219.2
15.07.2022,19:30:00,145.6
15.07.2022,19:45:00,91.2
15.07.2022,20:00:00,62.4
15.07.2022,20:15:00,49.6
15.07.2022,20:30:00,35.2
15.07.2022,20:45:00,25.6
15.07.2022,21:00:00,14.4
15.07.2022,21:15:00,6.4
15.07.2022,21:30:00,0
15.07.2022,21:45:00,0
15.07.2022,22:00:00,0
15.07.2022,22:15:00,0
15.07.2022,22:30:00,0
15.07.2022,22:45:00,0
15.07.2022,23:00:00,0
15.07.2022,23:15:00,0
15.07.2022,23:30:00,0
15.07.2022,23:45:00,0
16.07.2022,00:00:00,0
16.07.2022,00:15:00,0
16.07.2022,00:30:00,0
16.07.2022,00:45:00,0
16.07.2022,01:00:00,0
16.07.2022,01:15:00,0
16.07.2022,01:30:00,0
16.07.2022,01:45:00,0
16.07.2022,02:00:00,0
16.07.2022,02:15:00,0
16.07.2022,02:30:00,0
16.07.2022,02:45:00,0
16.07.2022,03:00:00,0
16.07.2022,03:15:00,0
16.07.2022,03:30:00,0
16.07.2022,03:45:00,0
16.07.2022,04:00:00,0
16.07.2022,04:15:00,0
16.07.2022,04:30:00,0
16.07.2022,04:45:00,0
16.07.2022,05:00:00,0
16.07.2022,05:15:00,0
16.07.2022,05:30:00,0
16.07.2022,05:45:00,4.8
16.07.2022,06:00:00,14.4
16.07.2022,06:15:00,24
16.07.2022,06:30:00,33.6
16.07.2022,06:45:00,41.6
16.07.2022,07:00:00,64
16.07.2022,07:15:00,105.6
16.07.2022,07:30:00,164.8
16.07.2022,07:45:00,228.8
16.07.2022,08:00:00,299.2
16.07.2022,08:15:00,379.2
16.07.2022,08:30:00,454.4
16.07.2022,08:45:00,534.4
16.07.2022,09:00:00,614.4
16.07.2022,09:15:00,692.8
16.07.2022,09:30:00,764.8
16.07.2022,09:45:00,836.8
16.07.2022,10:00:00,768
16.07.2022,10:15:00,822.4
16.07.2022,10:30:00,606.4
16.07.2022,10:45:00,577.6
16.07.2022,11:00:00,105.6
16.07.2022,11:15:00,174.4
16.07.2022,11:30:00,889.6
16.07.2022,11:45:00,203.2
16.07.2022,12:00:00,134.4
16.07.2022,12:15:00,515.2
16.07.2022,12:30:00,166.4
16.07.2022,12:45:00,121.6
16.07.2022,13:00:00,128
16.07.2022,13:15:00,89.6
16.07.2022,13:30:00,128
16.07.2022,13:45:00,128
16.07.2022,14:00:00,187.2
16.07.2022,14:15:00,142.4
16.07.2022,14:30:00,142.4
16.07.2022,14:45:00,96
16.07.2022,15:00:00,164.8
16.07.2022,15:15:00,108.8
16.07.2022,15:30:00,72
16.07.2022,15:45:00,80
16.07.2022,16:00:00,156.8
16.07.2022,16:15:00,113.6
16.07.2022,16:30:00,140.8
16.07.2022,16:45:00,379.2
16.07.2022,17:00:00,857.6
16.07.2022,17:15:00,891.2
16.07.2022,17:30:00,825.6
16.07.2022,17:45:00,681.6
16.07.2022,18:00:00,555.2
16.07.2022,18:15:00,435.2
16.07.2022,18:30:00,337.6
16.07.2022,18:45:00,356.8
16.07.2022,19:00:00,270.4
16.07.2022,19:15:00,219.2
16.07.2022,19:30:00,177.6
16.07.2022,19:45:00,128
16.07.2022,20:00:00,64
16.07.2022,20:15:00,52.8
16.07.2022,20:30:00,32
16.07.2022,20:45:00,25.6
16.07.2022,21:00:00,14.4
16.07.2022,21:15:00,4.8
16.07.2022,21:30:00,0
16.07.2022,21:45:00,0
16.07.2022,22:00:00,0
16.07.2022,22:15:00,0
16.07.2022,22:30:00,0
16.07.2022,22:45:00,0
16.07.2022,23:00:00,0
16.07.2022,23:15:00,0
16.07.2022,23:30:00,0
16.07.2022,23:45:00,0
17.07.2022,00:00:00,0
17.07.2022,00:15:00,0
17.07.2022,00:30:00,0
17.07.2022,00:45:00,0
17.07.2022,01:00:00,0
17.07.2022,01:15:00,0
17.07.2022,01:30:00,0
17.07.2022,01:45:00,0
17.07.2022,02:00:00,0
17.07.2022,02:15:00,0
17.07.2022,02:30:00,0
17.07.2022,02:45:00,0
17.07.2022,03:00:00,0
17.07.2022,03:15:00,0
17.07.2022,03:30:00,0
17.07.2022,03:45:00,0
17.07.2022,04:00:00,0
17.07.2022,04:15:00,0
17.07.2022,04:30:00,0
17.07.2022,04:45:00,0
17.07.2022,05:00:00,0
17.07.2022,05:15:00,0
17.07.2022,05:30:00,0
17.07.2022,05:45:00,3.2
17.07.2022,06:00:00,14.4
17.07.2022,06:15:00,22.4
17.07.2022,06:30:00,30.4
17.07.2022,06:45:00,40
17.07.2022,07:00:00,64
17.07.2022,07:15:00,107.2
17.07.2022,07:30:00,160
17.07.2022,07:45:00,225.6
17.07.2022,08:00:00,300.8
17.07.2022,08:15:00,356.8
17.07.2022,08:30:00,449.6
17.07.2022,08:45:00,508.8
17.07.2022,09:00:00,593.6
17.07.2022,09:15:00,704
17.07.2022,09:30:00,704
17.07.2022,09:45:00,843.2
17.07.2022,10:00:00,888
17.07.2022,10:15:00,894.4
17.07.2022,10:30:00,982.4
17.07.2022,10:45:00,1043.2
17.07.2022,11:00:00,1108.8
17.07.2022,11:15:00,1110.4
17.07.2022,11:30:00,1169.6
17.07.2022,11:45:00,1214.4
17.07.2022,12:00:00,1224
17.07.2022,12:15:00,1244.8
17.07.2022,12:30:00,1256
17.07.2022,12:45:00,1280
17.07.2022,13:00:00,1288
17.07.2022,13:15:00,1275.2
17.07.2022,13:30:00,1284.8
17.07.2022,13:45:00,1112
17.07.2022,14:00:00,758.4
17.07.2022,14:15:00,913.6
17.07.2022,14:30:00,1201.6
17.07.2022,14:45:00,843.2
17.07.2022,15:00:00,830.4
17.07.2022,15:15:00,806.4
17.07.2022,15:30:00,782.4
17.07.2022,15:45:00,750.4
17.07.2022,16:00:00,721.6
17.07.2022,16:15:00,697.6
17.07.2022,16:30:00,662.4
17.07.2022,16:45:00,622.4
17.07.2022,17:00:00,587.2
17.07.2022,17:15:00,540.8
17.07.2022,17:30:00,478.4
17.07.2022,17:45:00,427.2
17.07.2022,18:00:00,388.8
17.07.2022,18:15:00,328
17.07.2022,18:30:00,268.8
17.07.2022,18:45:00,208
17.07.2022,19:00:00,161.6
17.07.2022,19:15:00,126.4
17.07.2022,19:30:00,102.4
17.07.2022,19:45:00,86.4
17.07.2022,20:00:00,64
17.07.2022,20:15:00,43.2
17.07.2022,20:30:00,36.8
17.07.2022,20:45:00,25.6
17.07.2022,21:00:00,12.8
17.07.2022,21:15:00,3.2
17.07.2022,21:30:00,0
17.07.2022,21:45:00,0
17.07.2022,22:00:00,0
17.07.2022,22:15:00,0
17.07.2022,22:30:00,0
17.07.2022,22:45:00,0
17.07.2022,23:00:00,0
17.07.2022,23:15:00,0
17.07.2022,23:30:00,0
17.07.2022,23:45:00,0
18.07.2022,00:00:00,0
18.07.2022,00:15:00,0
18.07.2022,00:30:00,0
18.07.2022,00:45:00,0
18.07.2022,01:00:00,0
18.07.2022,01:15:00,0
18.07.2022,01:30:00,0
18.07.2022,01:45:00,0
18.07.2022,02:00:00,0
18.07.2022,02:15:00,0
18.07.2022,02:30:00,0
18.07.2022,02:45:00,0
18.07.2022,03:00:00,0
18.07.2022,03:15:00,0
18.07.2022,03:30:00,0
18.07.2022,03:45:00,0
18.07.2022,04:00:00,0
18.07.2022,04:15:00,0
18.07.2022,04:30:00,0
18.07.2022,04:45:00,0
18.07.2022,05:00:00,0
18.07.2022,05:15:00,0
18.07.2022,05:30:00,0
18.07.2022,05:45:00,1.6
18.07.2022,06:00:00,12.8
18.07.2022,06:15:00,20.8
18.07.2022,06:30:00,30.4
18.07.2022,06:45:00,38.4
18.07.2022,07:00:00,62.4
18.07.2022,07:15:00,100.8
18.07.2022,07:30:00,148.8
18.07.2022,07:45:00,204.8
18.07.2022,08:00:00,286.4
18.07.2022,08:15:00,368
18.07.2022,08:30:00,452.8
18.07.2022,08:45:00,524.8
18.07.2022,09:00:00,577.6
18.07.2022,09:15:00,691.2
18.07.2022,09:30:00,737.6
18.07.2022,09:45:00,808
18.07.2022,10:00:00,833.6
18.07.2022,10:15:00,880
18.07.2022,10:30:00,982.4
18.07.2022,10:45:00,976
18.07.2022,11:00:00,1081.6
18.07.2022,11:15:00,1113.6
18.07.2022,11:30:00,1131.2
18.07.2022,11:45:00,1124.8
18.07.2022,12:00:00,1132.8
18.07.2022,12:15:00,1176
18.07.2022,12:30:00,1208
18.07.2022,12:45:00,1131.2
18.07.2022,13:00:00,1212.8
18.07.2022,13:15:00,1180.8
18.07.2022,13:30:00,1224
18.07.2022,13:45:00,1232
18.07.2022,14:00:00,1201.6
18.07.2022,14:15:00,1180.8
18.07.2022,14:30:00,1104
18.07.2022,14:45:00,1105.6
18.07.2022,15:00:00,1123.2
18.07.2022,15:15:00,1076.8
18.07.2022,15:30:00,1099.2
18.07.2022,15:45:00,1028.8
18.07.2022,16:00:00,988.8
18.07.2022,16:15:00,972.8
18.07.2022,16:30:00,936
18.07.2022,16:45:00,808
18.07.2022,17:00:00,824
18.07.2022,17:15:00,657.6
18.07.2022,17:30:00,568
18.07.2022,17:45:00,516.8
18.07.2022,18:00:00,595.2
18.07.2022,18:15:00,460.8
18.07.2022,18:30:00,435.2
18.07.2022,18:45:00,238.4
18.07.2022,19:00:00,268.8
18.07.2022,19:15:00,222.4
18.07.2022,19:30:00,216
18.07.2022,19:45:00,145.6
18.07.2022,20:00:00,91.2
18.07.2022,20:15:00,67.2
18.07.2022,20:30:00,48
18.07.2022,20:45:00,36.8
18.07.2022,21:00:00,19.2
18.07.2022,21:15:00,6.4
18.07.2022,21:30:00,0
18.07.2022,21:45:00,0
18.07.2022,22:00:00,0
18.07.2022,22:15:00,0
18.07.2022,22:30:00,0
18.07.2022,22:45:00,0
18.07.2022,23:00:00,0
18.07.2022,23:15:00,0
18.07.2022,23:30:00,0
18.07.2022,23:45:00,0
19.07.2022,00:00:00,0
19.07.2022,00:15:00,0
19.07.2022,00:30:00,0
19.07.2022,00:45:00,0
19.07.2022,01:00:00,0
19.07.2022,01:15:00,0
19.07.2022,01:30:00,0
19.07.2022,01:45:00,0
19.07.2022,02:00:00,0
19.07.2022,02:15:00,0
19.07.2022,02:30:00,0
19.07.2022,02:45:00,0
19.07.2022,03:00:00,0
19.07.2022,03:15:00,0
19.07.2022,03:30:00,0
19.07.2022,03:45:00,0
19.07.2022,04:00:00,0
19.07.2022,04:15:00,0
19.07.2022,04:30:00,0
19.07.2022,04:45:00,0
19.07.2022,05:00:00,0
19.07.2022,05:15:00,0
19.07.2022,05:30:00,0
19.07.2022,05:45:00,1.6
19.07.2022,06:00:00,12.8
19.07.2022,06:15:00,22.4
19.07.2022,06:30:00,30.4
19.07.2022,06:45:00,41.6
19.07.2022,07:00:00,60.8
19.07.2022,07:15:00,102.4
19.07.2022,07:30:00,150.4
19.07.2022,07:45:00,209.6
19.07.2022,08:00:00,280
19.07.2022,08:15:00,358.4
19.07.2022,08:30:00,440
19.07.2022,08:45:00,516.8
19.07.2022,09:00:00,598.4
19.07.2022,09:15:00,670.4
19.07.2022,09:30:00,740.8
19.07.2022,09:45:00,804.8
19.07.2022,10:00:00,864
19.07.2022,10:15:00,915.2
19.07.2022,10:30:00,963.2
19.07.2022,10:45:00,1009.6
19.07.2022,11:00:00,1054.4
19.07.2022,11:15:00,1092.8
19.07.2022,11:30:00,1128
19.07.2022,11:45:00,1160
19.07.2022,12:00:00,1184
19.07.2022,12:15:00,1187.2
19.07.2022,12:30:00,1196.8
19.07.2022,12:45:00,1214.4
19.07.2022,13:00:00,1211.2
19.07.2022,13:15:00,1217.6
19.07.2022,13:30:00,1220.8
19.07.2022,13:45:00,1203.2
19.07.2022,14:00:00,1201.6
19.07.2022,14:15:00,1192
19.07.2022,14:30:00,1176
19.07.2022,14:45:00,1169.6
19.07.2022,15:00:00,1147.2
19.07.2022,15:15:00,1128
19.07.2022,15:30:00,1097.6
19.07.2022,15:45:00,1056
19.07.2022,16:00:00,1011.2
19.07.2022,16:15:00,968
19.07.2022,16:30:00,923.2
19.07.2022,16:45:00,873.6
19.07.2022,17:00:00,817.6
19.07.2022,17:15:00,753.6
19.07.2022,17:30:00,688
19.07.2022,17:45:00,617.6
19.07.2022,18:00:00,544
19.07.2022,18:15:00,470.4
19.07.2022,18:30:00,393.6
19.07.2022,18:45:00,316.8
19.07.2022,19:00:00,243.2
19.07.2022,19:15:00,177.6
19.07.2022,19:30:00,118.4
19.07.2022,19:45:00,75.2
19.07.2022,20:00:00,48
19.07.2022,20:15:00,35.2
19.07.2022,20:30:00,27.2
19.07.2022,20:45:00,19.2
19.07.2022,21:00:00,12.8
19.07.2022,21:15:00,3.2
19.07.2022,21:30:00,0
19.07.2022,21:45:00,0
19.07.2022,22:00:00,0
19.07.2022,22:15:00,0
19.07.2022,22:30:00,0
19.07.2022,22:45:00,0
19.07.2022,23:00:00,0
19.07.2022,23:15:00,0
19.07.2022,23:30:00,0
19.07.2022,23:45:00,0
20.07.2022,00:00:00,0
20.07.2022,00:15:00,0
20.07.2022,00:30:00,0
20.07.2022,00:45:00,0
20.07.2022,01:00:00,0
20.07.2022,01:15:00,0
20.07.2022,01:30:00,0
20.07.2022,01:45:00,0
20.07.2022,02:00:00,0
20.07.2022,02:15:00,0
20.07.2022,02:30:00,0
20.07.2022,02:45:00,0
20.07.2022,03:00:00,0
20.07.2022,03:15:00,0
20.07.2022,03:30:00,0
20.07.2022,03:45:00,0
20.07.2022,04:00:00,0
20.07.2022,04:15:00,0
20.07.2022,04:30:00,0
20.07.2022,04:45:00,0
20.07.2022,05:00:00,0
20.07.2022,05:15:00,0
20.07.2022,05:30:00,0
20.07.2022,05:45:00,0
20.07.2022,06:00:00,12.8
20.07.2022,06:15:00,22.4
20.07.2022,06:30:00,30.4
20.07.2022,06:45:00,46.4
20.07.2022,07:00:00,80
20.07.2022,07:15:00,137.6
20.07.2022,07:30:00,192
20.07.2022,07:45:00,241.6
20.07.2022,08:00:00,270.4
20.07.2022,08:15:00,358.4
20.07.2022,08:30:00,428.8
20.07.2022,08:45:00,481.6
20.07.2022,09:00:00,588.8
20.07.2022,09:15:00,649.6
20.07.2022,09:30:00,731.2
20.07.2022,09:45:00,796.8
20.07.2022,10:00:00,816
20.07.2022,10:15:00,910.4
20.07.2022,10:30:00,958.4
20.07.2022,10:45:00,1006.4
20.07.2022,11:00:00,1043.2
20.07.2022,11:15:00,1075.2
20.07.2022,11:30:00,1115.2
20.07.2022,11:45:00,1081.6
20.07.2022,12:00:00,1158.4
20.07.2022,12:15:00,1166.4
20.07.2022,12:30:00,1169.6
20.07.2022,12:45:00,1182.4
20.07.2022,13:00:00,1190.4
20.07.2022,13:15:00,1201.6
20.07.2022,13:30:00,1185.6
20.07.2022,13:45:00,1190.4
20.07.2022,14:00:00,1192
20.07.2022,14:15:00,1163.2
20.07.2022,14:30:00,1145.6
20.07.2022,14:45:00,1144
20.07.2022,15:00:00,1128
20.07.2022,15:15:00,1104
20.07.2022,15:30:00,1067.2
20.07.2022,15:45:00,1028.8
20.07.2022,16:00:00,988.8
20.07.2022,16:15:00,944
20.07.2022,16:30:00,889.6
20.07.2022,16:45:00,835.2
20.07.2022,17:00:00,792
20.07.2022,17:15:00,724.8
20.07.2022,17:30:00,660.8
20.07.2022,17:45:00,600
20.07.2022,18:00:00,523.2
20.07.2022,18:15:00,459.2
20.07.2022,18:30:00,377.6
20.07.2022,18:45:00,302.4
20.07.2022,19:00:00,233.6
20.07.2022,19:15:00,172.8
20.07.2022,19:30:00,102.4
20.07.2022,19:45:00,72
20.07.2022,20:00:00,48
20.07.2022,20:15:00,46.4
20.07.2022,20:30:00,28.8
20.07.2022,20:45:00,14.4
20.07.2022,21:00:00,6.4
20.07.2022,21:15:00,0
20.07.2022,21:30:00,0
20.07.2022,21:45:00,0
20.07.2022,22:00:00,0
20.07.2022,22:15:00,0
20.07.2022,22:30:00,0
20.07.2022,22:45:00,0
20.07.2022,23:00:00,0
20.07.2022,23:15:00,0
20.07.2022,23:30:00,0
20.07.2022,23:45:00,0
21.07.2022,00:00:00,0
21.07.2022,00:15:00,0
21.07.2022,00:30:00,0
21.07.2022,00:45:00,0
21.07.2022,01:00:00,0
21.07.2022,01:15:00,0
21.07.2022,01:30:00,0
21.07.2022,01:45:00,0
21.07.2022,02:00:00,0
21.07.2022,02:15:00,0
21.07.2022,02:30:00,0
21.07.2022,02:45:00,0
21.07.2022,03:00:00,0
21.07.2022,03:15:00,0
21.07.2022,03:30:00,0
21.07.2022,03:45:00,0
21.07.2022,04:00:00,0
21.07.2022,04:15:00,0
21.07.2022,04:30:00,0
21.07.2022,04:45:00,0
21.07.2022,05:00:00,0
21.07.2022,05:15:00,0
21.07.2022,05:30:00,0
21.07.2022,05:45:00,0
21.07.2022,06:00:00,0
21.07.2022,06:15:00,4.8
21.07.2022,06:30:00,6.4
21.07.2022,06:45:00,3.2
21.07.2022,07:00:00,11.2
21.07.2022,07:15:00,25.6
21.07.2022,07:30:00,54.4
21.07.2022,07:45:00,43.2
21.07.2022,08:00:00,113.6
21.07.2022,08:15:00,235.2
21.07.2022,08:30:00,112
21.07.2022,08:45:00,120
21.07.2022,09:00:00,182.4
21.07.2022,09:15:00,409.6
21.07.2022,09:30:00,368
21.07.2022,09:45:00,323.2
21.07.2022,10:00:00,408
21.07.2022,10:15:00,553.6
21.07.2022,10:30:00,814.4
21.07.2022,10:45:00,1019.2
21.07.2022,11:00:00,632
21.07.2022,11:15:00,800
21.07.2022,11:30:00,752
21.07.2022,11:45:00,612.8
21.07.2022,12:00:00,1009.6
21.07.2022,12:15:00,942.4
21.07.2022,12:30:00,1340.8
21.07.2022,12:45:00,1072
21.07.2022,13:00:00,816
21.07.2022,13:15:00,868.8
21.07.2022,13:30:00,1291.2
21.07.2022,13:45:00,1248
21.07.2022,14:00:00,1273.6
21.07.2022,14:15:00,1296
21.07.2022,14:30:00,1078.4
21.07.2022,14:45:00,1014.4
21.07.2022,15:00:00,886.4
21.07.2022,15:15:00,768
21.07.2022,15:30:00,571.2
21.07.2022,15:45:00,508.8
21.07.2022,16:00:00,971.2
21.07.2022,16:15:00,1032
21.07.2022,16:30:00,857.6
21.07.2022,16:45:00,812.8
21.07.2022,17:00:00,699.2
21.07.2022,17:15:00,716.8
21.07.2022,17:30:00,555.2
21.07.2022,17:45:00,675.2
21.07.2022,18:00:00,505.6
21.07.2022,18:15:00,524.8
21.07.2022,18:30:00,363.2
21.07.2022,18:45:00,307.2
21.07.2022,19:00:00,152
21.07.2022,19:15:00,136
21.07.2022,19:30:00,84.8
21.07.2022,19:45:00,67.2
21.07.2022,20:00:00,68.8
21.07.2022,20:15:00,40
21.07.2022,20:30:00,28.8
21.07.2022,20:45:00,17.6
21.07.2022,21:00:00,8
21.07.2022,21:15:00,1.6
21.07.2022,21:30:00,0
21.07.2022,21:45:00,0
21.07.2022,22:00:00,0
21.07.2022,22:15:00,0
21.07.2022,22:30:00,0
21.07.2022,22:45:00,0
21.07.2022,23:00:00,0
21.07.2022,23:15:00,0
21.07.2022,23:30:00,0
21.07.2022,23:45:00,0
22.07.2022,00:00:00,0
22.07.2022,00:15:00,0
22.07.2022,00:30:00,0
22.07.2022,00:45:00,0
22.07.2022,01:00:00,0
22.07.2022,01:15:00,0
22.07.2022,01:30:00,0
22.07.2022,01:45:00,0
22.07.2022,02:00:00,0
22.07.2022,02:15:00,0
22.07.2022,02:30:00,0
22.07.2022,02:45:00,0
22.07.2022,03:00:00,0
22.07.2022,03:15:00,0
22.07.2022,03:30:00,0
22.07.2022,03:45:00,0
22.07.2022,04:00:00,0
22.07.2022,04:15:00,0
22.07.2022,04:30:00,0
22.07.2022,04:45:00,0
22.07.2022,05:00:00,0
22.07.2022,05:15:00,0
22.07.2022,05:30:00,0
22.07.2022,05:45:00,0
22.07.2022,06:00:00,11.2
22.07.2022,06:15:00,20.8
22.07.2022,06:30:00,35.2
22.07.2022,06:45:00,49.6
22.07.2022,07:00:00,68.8
22.07.2022,07:15:00,102.4
22.07.2022,07:30:00,152
22.07.2022,07:45:00,209.6
22.07.2022,08:00:00,273.6
22.07.2022,08:15:00,344
22.07.2022,08:30:00,420.8
22.07.2022,08:45:00,496
22.07.2022,09:00:00,571.2
22.07.2022,09:15:00,644.8
22.07.2022,09:30:00,715.2
22.07.2022,09:45:00,785.6
22.07.2022,10:00:00,851.2
22.07.2022,10:15:00,902.4
22.07.2022,10:30:00,953.6
22.07.2022,10:45:00,1004.8
22.07.2022,11:00:00,1052.8
22.07.2022,11:15:00,1100.8
22.07.2022,11:30:00,1131.2
22.07.2022,11:45:00,1152
22.07.2022,12:00:00,1187.2
22.07.2022,12:15:00,1201.6
22.07.2022,12:30:00,1206.4
22.07.2022,12:45:00,1204.8
22.07.2022,13:00:00,1224
22.07.2022,13:15:00,1240
22.07.2022,13:30:00,1230.4
22.07.2022,13:45:00,1049.6
22.07.2022,14:00:00,1203.2
22.07.2022,14:15:00,1192
22.07.2022,14:30:00,1201.6
22.07.2022,14:45:00,1184
22.07.2022,15:00:00,1056
22.07.2022,15:15:00,1142.4
22.07.2022,15:30:00,1099.2
22.07.2022,15:45:00,1068.8
22.07.2022,16:00:00,1016
22.07.2022,16:15:00,900.8
22.07.2022,16:30:00,891.2
22.07.2022,16:45:00,788.8
22.07.2022,17:00:00,737.6
22.07.2022,17:15:00,676.8
22.07.2022,17:30:00,689.6
22.07.2022,17:45:00,611.2
22.07.2022,18:00:00,499.2
22.07.2022,18:15:00,409.6
22.07.2022,18:30:00,371.2
22.07.2022,18:45:00,313.6
22.07.2022,19:00:00,244.8
22.07.2022,19:15:00,171.2
22.07.2022,19:30:00,96
22.07.2022,19:45:00,126.4
22.07.2022,20:00:00,84.8
22.07.2022,20:15:00,41.6
22.07.2022,20:30:00,28.8
22.07.2022,20:45:00,17.6
22.07.2022,21:00:00,6.4
22.07.2022,21:15:00,1.6
22.07.2022,21:30:00,0
22.07.2022,21:45:00,0
22.07.2022,22:00:00,0
22.07.2022,22:15:00,0
22.07.2022,22:30:00,0
22.07.2022,22:45:00,0
22.07.2022,23:00:00,0
22.07.2022,23:15:00,0
22.07.2022,23:30:00,0
22.07.2022,23:45:00,0
23.07.2022,00:00:00,0
23.07.2022,00:15:00,0
23.07.2022,00:30:00,0
23.07.2022,00:45:00,0
23.07.2022,01:00:00,0
23.07.2022,01:15:00,0
23.07.2022,01:30:00,0
23.07.2022,01:45:00,0
23.07.2022,02:00:00,0
23.07.2022,02:15:00,0
23.07.2022,02:30:00,0
23.07.2022,02:45:00,0
23.07.2022,03:00:00,0
23.07.2022,03:15:00,0
23.07.2022,03:30:00,0
23.07.2022,03:45:00,0
23.07.2022,04:00:00,0
23.07.2022,04:15:00,0
23.07.2022,04:30:00,0
23.07.2022,04:45:00,0
23.07.2022,05:00:00,0
23.07.2022,05:15:00,0
23.07.2022,05:30:00,0
23.07.2022,05:45:00,0
23.07.2022,06:00:00,3.2
23.07.2022,06:15:00,17.6
23.07.2022,06:30:00,49.6
23.07.2022,06:45:00,56
23.07.2022,07:00:00,70.4
23.07.2022,07:15:00,115.2
23.07.2022,07:30:00,147.2
23.07.2022,07:45:00,150.4
23.07.2022,08:00:00,179.2
23.07.2022,08:15:00,225.6
23.07.2022,08:30:00,246.4
23.07.2022,08:45:00,510.4
23.07.2022,09:00:00,201.6
23.07.2022,09:15:00,132.8
23.07.2022,09:30:00,92.8
23.07.2022,09:45:00,203.2
23.07.2022,10:00:00,129.6
23.07.2022,10:15:00,180.8
23.07.2022,10:30:00,252.8
23.07.2022,10:45:00,481.6
23.07.2022,11:00:00,500.8
23.07.2022,11:15:00,873.6
23.07.2022,11:30:00,393.6
23.07.2022,11:45:00,558.4
23.07.2022,12:00:00,635.2
23.07.2022,12:15:00,740.8
23.07.2022,12:30:00,932.8
23.07.2022,12:45:00,904
23.07.2022,13:00:00,817.6
23.07.2022,13:15:00,702.4
23.07.2022,13:30:00,737.6
23.07.2022,13:45:00,1014.4
23.07.2022,14:00:00,1211.2
23.07.2022,14:15:00,761.6
23.07.2022,14:30:00,792
23.07.2022,14:45:00,920
23.07.2022,15:00:00,953.6
23.07.2022,15:15:00,569.6
23.07.2022,15:30:00,859.2
23.07.2022,15:45:00,708.8
23.07.2022,16:00:00,734.4
23.07.2022,16:15:00,662.4
23.07.2022,16:30:00,777.6
23.07.2022,16:45:00,427.2
23.07.2022,17:00:00,382.4
23.07.2022,17:15:00,516.8
23.07.2022,17:30:00,540.8
23.07.2022,17:45:00,616
23.07.2022,18:00:00,312
23.07.2022,18:15:00,513.6
23.07.2022,18:30:00,456
23.07.2022,18:45:00,369.6
23.07.2022,19:00:00,304
23.07.2022,19:15:00,248
23.07.2022,19:30:00,142.4
23.07.2022,19:45:00,68.8
23.07.2022,20:00:00,49.6
23.07.2022,20:15:00,48
23.07.2022,20:30:00,36.8
23.07.2022,20:45:00,20.8
23.07.2022,21:00:00,8
23.07.2022,21:15:00,0
23.07.2022,21:30:00,0
23.07.2022,21:45:00,0
23.07.2022,22:00:00,0
23.07.2022,22:15:00,0
23.07.2022,22:30:00,0
23.07.2022,22:45:00,0
23.07.2022,23:00:00,0
23.07.2022,23:15:00,0
23.07.2022,23:30:00,0
23.07.2022,23:45:00,0
24.07.2022,00:00:00,0
24.07.2022,00:15:00,0
24.07.2022,00:30:00,0
24.07.2022,00:45:00,0
24.07.2022,01:00:00,0
24.07.2022,01:15:00,0
24.07.2022,01:30:00,0
24.07.2022,01:45:00,0
24.07.2022,02:00:00,0
24.07.2022,02:15:00,0
24.07.2022,02:30:00,0
24.07.2022,02:45:00,0
24.07.2022,03:00:00,0
24.07.2022,03:15:00,0
24.07.2022,03:30:00,0
24.07.2022,03:45:00,0
24.07.2022,04:00:00,0
24.07.2022,04:15:00,0
24.07.2022,04:30:00,0
24.07.2022,04:45:00,0
24.07.2022,05:00:00,0
24.07.2022,05:15:00,0
24.07.2022,05:30:00,0
24.07.2022,05:45:00,0
24.07.2022,06:00:00,8
24.07.2022,06:15:00,19.2
24.07.2022,06:30:00,36.8
24.07.2022,06:45:00,60.8
24.07.2022,07:00:00,84.8
24.07.2022,07:15:00,124.8
24.07.2022,07:30:00,166.4
24.07.2022,07:45:00,208
24.07.2022,08:00:00,267.2
24.07.2022,08:15:00,336
24.07.2022,08:30:00,403.2
24.07.2022,08:45:00,475.2
24.07.2022,09:00:00,552
24.07.2022,09:15:00,620.8
24.07.2022,09:30:00,686.4
24.07.2022,09:45:00,750.4
24.07.2022,10:00:00,820.8
24.07.2022,10:15:00,880
24.07.2022,10:30:00,892.8
24.07.2022,10:45:00,974.4
24.07.2022,11:00:00,1009.6
24.07.2022,11:15:00,1068.8
24.07.2022,11:30:00,1094.4
24.07.2022,11:45:00,1113.6
24.07.2022,12:00:00,1064
24.07.2022,12:15:00,1072
24.07.2022,12:30:00,987.2
24.07.2022,12:45:00,1273.6
24.07.2022,13:00:00,200
24.07.2022,13:15:00,347.2
24.07.2022,13:30:00,886.4
24.07.2022,13:45:00,97.6
24.07.2022,14:00:00,196.8
24.07.2022,14:15:00,184
24.07.2022,14:30:00,182.4
24.07.2022,14:45:00,680
24.07.2022,15:00:00,600
24.07.2022,15:15:00,758.4
24.07.2022,15:30:00,384
24.07.2022,15:45:00,1000
24.07.2022,16:00:00,872
24.07.2022,16:15:00,1043.2
24.07.2022,16:30:00,982.4
24.07.2022,16:45:00,817.6
24.07.2022,17:00:00,643.2
24.07.2022,17:15:00,809.6
24.07.2022,17:30:00,737.6
24.07.2022,17:45:00,513.6
24.07.2022,18:00:00,398.4
24.07.2022,18:15:00,475.2
24.07.2022,18:30:00,424
24.07.2022,18:45:00,329.6
24.07.2022,19:00:00,238.4
24.07.2022,19:15:00,172.8
24.07.2022,19:30:00,118.4
24.07.2022,19:45:00,78.4
24.07.2022,20:00:00,52.8
24.07.2022,20:15:00,38.4
24.07.2022,20:30:00,28.8
24.07.2022,20:45:00,17.6
24.07.2022,21:00:00,9.6
24.07.2022,21:15:00,0
24.07.2022,21:30:00,0
24.07.2022,21:45:00,0
24.07.2022,22:00:00,0
24.07.2022,22:15:00,0
24.07.2022,22:30:00,0
24.07.2022,22:45:00,0
24.07.2022,23:00:00,0
24.07.2022,23:15:00,0
24.07.2022,23:30:00,0
24.07.2022,23:45:00,0
25.07.2022,00:00:00,0
25.07.2022,00:15:00,0
25.07.2022,00:30:00,0
25.07.2022,00:45:00,0
25.07.2022,01:00:00,0
25.07.2022,01:15:00,0
25.07.2022,01:30:00,0
25.07.2022,01:45:00,0
25.07.2022,02:00:00,0
25.07.2022,02:15:00,0
25.07.2022,02:30:00,0
25.07.2022,02:45:00,0
25.07.2022,03:00:00,0
25.07.2022,03:15:00,0
25.07.2022,03:30:00,0
25.07.2022,03:45:00,0
25.07.2022,04:00:00,0
25.07.2022,04:15:00,0
25.07.2022,04:30:00,0
25.07.2022,04:45:00,0
25.07.2022,05:00:00,0
25.07.2022,05:15:00,0
25.07.2022,05:30:00,0
25.07.2022,05:45:00,0
25.07.2022,06:00:00,4.8
25.07.2022,06:15:00,19.2
25.07.2022,06:30:00,28.8
25.07.2022,06:45:00,38.4
25.07.2022,07:00:00,59.2
25.07.2022,07:15:00,91.2
25.07.2022,07:30:00,140.8
25.07.2022,07:45:00,196.8
25.07.2022,08:00:00,260.8
25.07.2022,08:15:00,329.6
25.07.2022,08:30:00,411.2
25.07.2022,08:45:00,488
25.07.2022,09:00:00,563.2
25.07.2022,09:15:00,633.6
25.07.2022,09:30:00,705.6
25.07.2022,09:45:00,771.2
25.07.2022,10:00:00,830.4
25.07.2022,10:15:00,888
25.07.2022,10:30:00,944
25.07.2022,10:45:00,990.4
25.07.2022,11:00:00,1033.6
25.07.2022,11:15:00,1070.4
25.07.2022,11:30:00,1100.8
25.07.2022,11:45:00,1131.2
25.07.2022,12:00:00,1160
25.07.2022,12:15:00,1174.4
25.07.2022,12:30:00,1177.6
25.07.2022,12:45:00,1179.2
25.07.2022,13:00:00,1190.4
25.07.2022,13:15:00,1190.4
25.07.2022,13:30:00,1208
25.07.2022,13:45:00,1206.4
25.07.2022,14:00:00,1224
25.07.2022,14:15:00,1075.2
25.07.2022,14:30:00,998.4
25.07.2022,14:45:00,1179.2
25.07.2022,15:00:00,1161.6
25.07.2022,15:15:00,1139.2
25.07.2022,15:30:00,1124.8
25.07.2022,15:45:00,828.8
25.07.2022,16:00:00,896
25.07.2022,16:15:00,838.4
25.07.2022,16:30:00,350.4
25.07.2022,16:45:00,588.8
25.07.2022,17:00:00,377.6
25.07.2022,17:15:00,656
25.07.2022,17:30:00,329.6
25.07.2022,17:45:00,171.2
25.07.2022,18:00:00,110.4
25.07.2022,18:15:00,192
25.07.2022,18:30:00,222.4
25.07.2022,18:45:00,128
25.07.2022,19:00:00,174.4
25.07.2022,19:15:00,128
25.07.2022,19:30:00,176
25.07.2022,19:45:00,121.6
25.07.2022,20:00:00,33.6
25.07.2022,20:15:00,11.2
25.07.2022,20:30:00,17.6
25.07.2022,20:45:00,12.8
25.07.2022,21:00:00,1.6
25.07.2022,21:15:00,0
25.07.2022,21:30:00,0
25.07.2022,21:45:00,0
25.07.2022,22:00:00,0
25.07.2022,22:15:00,0
25.07.2022,22:30:00,0
25.07.2022,22:45:00,0
25.07.2022,23:00:00,0
25.07.2022,23:15:00,0
25.07.2022,23:30:00,0
25.07.2022,23:45:00,0
26.07.2022,00:00:00,0
26.07.2022,00:15:00,0
26.07.2022,00:30:00,0
26.07.2022,00:45:00,0
26.07.2022,01:00:00,0
26.07.2022,01:15:00,0
26.07.2022,01:30:00,0
26.07.2022,01:45:00,0
26.07.2022,02:00:00,0
26.07.2022,02:15:00,0
26.07.2022,02:30:00,0
26.07.2022,02:45:00,0
26.07.2022,03:00:00,0
26.07.2022,03:15:00,0
26.07.2022,03:30:00,0
26.07.2022,03:45:00,0
26.07.2022,04:00:00,0
26.07.2022,04:15:00,0
26.07.2022,04:30:00,0
26.07.2022,04:45:00,0
26.07.2022,05:00:00,0
26.07.2022,05:15:00,0
26.07.2022,05:30:00,0
26.07.2022,05:45:00,0
26.07.2022,06:00:00,0
26.07.2022,06:15:00,14.4
26.07.2022,06:30:00,33.6
26.07.2022,06:45:00,46.4
26.07.2022,07:00:00,64
26.07.2022,07:15:00,89.6
26.07.2022,07:30:00,124.8
26.07.2022,07:45:00,94.4
26.07.2022,08:00:00,120
26.07.2022,08:15:00,249.6
26.07.2022,08:30:00,411.2
26.07.2022,08:45:00,462.4
26.07.2022,09:00:00,568
26.07.2022,09:15:00,161.6
26.07.2022,09:30:00,721.6
26.07.2022,09:45:00,800
26.07.2022,10:00:00,868.8
26.07.2022,10:15:00,940.8
26.07.2022,10:30:00,819.2
26.07.2022,10:45:00,1088
26.07.2022,11:00:00,944
26.07.2022,11:15:00,1164.8
26.07.2022,11:30:00,1177.6
26.07.2022,11:45:00,832
26.07.2022,12:00:00,987.2
26.07.2022,12:15:00,1308.8
26.07.2022,12:30:00,1078.4
26.07.2022,12:45:00,875.2
26.07.2022,13:00:00,873.6
26.07.2022,13:15:00,678.4
26.07.2022,13:30:00,569.6
26.07.2022,13:45:00,950.4
26.07.2022,14:00:00,889.6
26.07.2022,14:15:00,1233.6
26.07.2022,14:30:00,976
26.07.2022,14:45:00,1288
26.07.2022,15:00:00,1252.8
26.07.2022,15:15:00,1220.8
26.07.2022,15:30:00,1028.8
26.07.2022,15:45:00,1152
26.07.2022,16:00:00,1049.6
26.07.2022,16:15:00,1062.4
26.07.2022,16:30:00,740.8
26.07.2022,16:45:00,854.4
26.07.2022,17:00:00,280
26.07.2022,17:15:00,513.6
26.07.2022,17:30:00,596.8
26.07.2022,17:45:00,200
26.07.2022,18:00:00,192
26.07.2022,18:15:00,312
26.07.2022,18:30:00,392
26.07.2022,18:45:00,198.4
26.07.2022,19:00:00,134.4
26.07.2022,19:15:00,163.2
26.07.2022,19:30:00,144
26.07.2022,19:45:00,91.2
26.07.2022,20:00:00,59.2
26.07.2022,20:15:00,51.2
26.07.2022,20:30:00,46.4
26.07.2022,20:45:00,20.8
26.07.2022,21:00:00,6.4
26.07.2022,21:15:00,0
26.07.2022,21:30:00,0
26.07.2022,21:45:00,0
26.07.2022,22:00:00,0
26.07.2022,22:15:00,0
26.07.2022,22:30:00,0
26.07.2022,22:45:00,0
26.07.2022,23:00:00,0
26.07.2022,23:15:00,0
26.07.2022,23:30:00,0
26.07.2022,23:45:00,0
27.07.2022,00:00:00,0
27.07.2022,00:15:00,0
27.07.2022,00:30:00,0
27.07.2022,00:45:00,0
27.07.2022,01:00:00,0
27.07.2022,01:15:00,0
27.07.2022,01:30:00,0
27.07.2022,01:45:00,0
27.07.2022,02:00:00,0
27.07.2022,02:15:00,0
27.07.2022,02:30:00,0
27.07.2022,02:45:00,0
27.07.2022,03:00:00,0
27.07.2022,03:15:00,0
27.07.2022,03:30:00,0
27.07.2022,03:45:00,0
27.07.2022,04:00:00,0
27.07.2022,04:15:00,0
27.07.2022,04:30:00,0
27.07.2022,04:45:00,0
27.07.2022,05:00:00,0
27.07.2022,05:15:00,0
27.07.2022,05:30:00,0
27.07.2022,05:45:00,0
27.07.2022,06:00:00,3.2
27.07.2022,06:15:00,12.8
27.07.2022,06:30:00,20.8
27.07.2022,06:45:00,25.6
27.07.2022,07:00:00,70.4
27.07.2022,07:15:00,113.6
27.07.2022,07:30:00,120
27.07.2022,07:45:00,129.6
27.07.2022,08:00:00,163.2
27.07.2022,08:15:00,288
27.07.2022,08:30:00,393.6
27.07.2022,08:45:00,547.2
27.07.2022,09:00:00,361.6
27.07.2022,09:15:00,345.6
27.07.2022,09:30:00,476.8
27.07.2022,09:45:00,724.8
27.07.2022,10:00:00,841.6
27.07.2022,10:15:00,715.2
27.07.2022,10:30:00,1113.6
27.07.2022,10:45:00,1043.2
27.07.2022,11:00:00,1105.6
27.07.2022,11:15:00,1144
27.07.2022,11:30:00,1195.2
27.07.2022,11:45:00,1043.2
27.07.2022,12:00:00,1222.4
27.07.2022,12:15:00,958.4
27.07.2022,12:30:00,1246.4
27.07.2022,12:45:00,1084.8
27.07.2022,13:00:00,848
27.07.2022,13:15:00,923.2
27.07.2022,13:30:00,593.6
27.07.2022,13:45:00,793.6
27.07.2022,14:00:00,1072
27.07.2022,14:15:00,640
27.07.2022,14:30:00,638.4
27.07.2022,14:45:00,828.8
27.07.2022,15:00:00,862.4
27.07.2022,15:15:00,1233.6
27.07.2022,15:30:00,494.4
27.07.2022,15:45:00,248
27.07.2022,16:00:00,636.8
27.07.2022,16:15:00,1054.4
27.07.2022,16:30:00,716.8
27.07.2022,16:45:00,961.6
27.07.2022,17:00:00,816
27.07.2022,17:15:00,403.2
27.07.2022,17:30:00,548.8
27.07.2022,17:45:00,553.6
27.07.2022,18:00:00,478.4
27.07.2022,18:15:00,491.2
27.07.2022,18:30:00,385.6
27.07.2022,18:45:00,179.2
27.07.2022,19:00:00,227.2
27.07.2022,19:15:00,179.2
27.07.2022,19:30:00,121.6
27.07.2022,19:45:00,76.8
27.07.2022,20:00:00,51.2
27.07.2022,20:15:00,36.8
27.07.2022,20:30:00,25.6
27.07.2022,20:45:00,14.4
27.07.2022,21:00:00,4.8
27.07.2022,21:15:00,0
27.07.2022,21:30:00,0
27.07.2022,21:45:00,0
27.07.2022,22:00:00,0
27.07.2022,22:15:00,0
27.07.2022,22:30:00,0
27.07.2022,22:45:00,0
27.07.2022,23:00:00,0
27.07.2022,23:15:00,0
27.07.2022,23:30:00,0
27.07.2022,23:45:00,0
28.07.2022,00:00:00,0
28.07.2022,00:15:00,0
28.07.2022,00:30:00,0
28.07.2022,00:45:00,0
28.07.2022,01:00:00,0
28.07.2022,01:15:00,0
28.07.2022,01:30:00,0
28.07.2022,01:45:00,0
28.07.2022,02:00:00,0
28.07.2022,02:15:00,0
28.07.2022,02:30:00,0
28.07.2022,02:45:00,0
28.07.2022,03:00:00,0
28.07.2022,03:15:00,0
28.07.2022,03:30:00,0
28.07.2022,03:45:00,0
28.07.2022,04:00:00,0
28.07.2022,04:15:00,0
28.07.2022,04:30:00,0
28.07.2022,04:45:00,0
28.07.2022,05:00:00,0
28.07.2022,05:15:00,0
28.07.2022,05:30:00,0
28.07.2022,05:45:00,0
28.07.2022,06:00:00,4.8
28.07.2022,06:15:00,14.4
28.07.2022,06:30:00,28.8
28.07.2022,06:45:00,41.6
28.07.2022,07:00:00,76.8
28.07.2022,07:15:00,115.2
28.07.2022,07:30:00,163.2
28.07.2022,07:45:00,195.2
28.07.2022,08:00:00,300.8
28.07.2022,08:15:00,331.2
28.07.2022,08:30:00,409.6
28.07.2022,08:45:00,526.4
28.07.2022,09:00:00,574.4
28.07.2022,09:15:00,558.4
28.07.2022,09:30:00,732.8
28.07.2022,09:45:00,804.8
28.07.2022,10:00:00,828.8
28.07.2022,10:15:00,910.4
28.07.2022,10:30:00,972.8
28.07.2022,10:45:00,1008
28.07.2022,11:00:00,1062.4
28.07.2022,11:15:00,1062.4
28.07.2022,11:30:00,1156.8
28.07.2022,11:45:00,1169.6
28.07.2022,12:00:00,1200
28.07.2022,12:15:00,1232
28.07.2022,12:30:00,1200
28.07.2022,12:45:00,1278.4
28.07.2022,13:00:00,1187.2
28.07.2022,13:15:00,1286.4
28.07.2022,13:30:00,1256
28.07.2022,13:45:00,1275.2
28.07.2022,14:00:00,1238.4
28.07.2022,14:15:00,1289.6
28.07.2022,14:30:00,1208
28.07.2022,14:45:00,1240
28.07.2022,15:00:00,902.4
28.07.2022,15:15:00,720
28.07.2022,15:30:00,900.8
28.07.2022,15:45:00,408
28.07.2022,16:00:00,624
28.07.2022,16:15:00,609.6
28.07.2022,16:30:00,742.4
28.07.2022,16:45:00,953.6
28.07.2022,17:00:00,668.8
28.07.2022,17:15:00,379.2
28.07.2022,17:30:00,675.2
28.07.2022,17:45:00,385.6
28.07.2022,18:00:00,251.2
28.07.2022,18:15:00,288
28.07.2022,18:30:00,305.6
28.07.2022,18:45:00,345.6
28.07.2022,19:00:00,169.6
28.07.2022,19:15:00,150.4
28.07.2022,19:30:00,116.8
28.07.2022,19:45:00,83.2
28.07.2022,20:00:00,72
28.07.2022,20:15:00,46.4
28.07.2022,20:30:00,25.6
28.07.2022,20:45:00,16
28.07.2022,21:00:00,4.8
28.07.2022,21:15:00,0
28.07.2022,21:30:00,0
28.07.2022,21:45:00,0
28.07.2022,22:00:00,0
28.07.2022,22:15:00,0
28.07.2022,22:30:00,0
28.07.2022,22:45:00,0
28.07.2022,23:00:00,0
28.07.2022,23:15:00,0
28.07.2022,23:30:00,0
28.07.2022,23:45:00,0
29.07.2022,00:00:00,0
29.07.2022,00:15:00,0
29.07.2022,00:30:00,0
29.07.2022,00:45:00,0
29.07.2022,01:00:00,0
29.07.2022,01:15:00,0
29.07.2022,01:30:00,0
29.07.2022,01:45:00,0
29.07.2022,02:00:00,0
29.07.2022,02:15:00,0
29.07.2022,02:30:00,0
29.07.2022,02:45:00,0
29.07.2022,03:00:00,0
29.07.2022,03:15:00,0
29.07.2022,03:30:00,0
29.07.2022,03:45:00,0
29.07.2022,04:00:00,0
29.07.2022,04:15:00,0
29.07.2022,04:30:00,0
29.07.2022,04:45:00,0
29.07.2022,05:00:00,0
29.07.2022,05:15:00,0
29.07.2022,05:30:00,0
29.07.2022,05:45:00,0
29.07.2022,06:00:00,0
29.07.2022,06:15:00,6.4
29.07.2022,06:30:00,30.4
29.07.2022,06:45:00,62.4
29.07.2022,07:00:00,72
29.07.2022,07:15:00,84.8
29.07.2022,07:30:00,83.2
29.07.2022,07:45:00,147.2
29.07.2022,08:00:00,300.8
29.07.2022,08:15:00,328
29.07.2022,08:30:00,355.2
29.07.2022,08:45:00,475.2
29.07.2022,09:00:00,516.8
29.07.2022,09:15:00,624
29.07.2022,09:30:00,728
29.07.2022,09:45:00,792
29.07.2022,10:00:00,830.4
29.07.2022,10:15:00,913.6
29.07.2022,10:30:00,876.8
29.07.2022,10:45:00,888
29.07.2022,11:00:00,864
29.07.2022,11:15:00,664
29.07.2022,11:30:00,1115.2
29.07.2022,11:45:00,1027.2
29.07.2022,12:00:00,1107.2
29.07.2022,12:15:00,1006.4
29.07.2022,12:30:00,404.8
29.07.2022,12:45:00,651.2
29.07.2022,13:00:00,1185.6
29.07.2022,13:15:00,1243.2
29.07.2022,13:30:00,1228.8
29.07.2022,13:45:00,1235.2
29.07.2022,14:00:00,892.8
29.07.2022,14:15:00,1252.8
29.07.2022,14:30:00,1304
29.07.2022,14:45:00,1129.6
29.07.2022,15:00:00,270.4
29.07.2022,15:15:00,238.4
29.07.2022,15:30:00,396.8
29.07.2022,15:45:00,395.2
29.07.2022,16:00:00,481.6
29.07.2022,16:15:00,638.4
29.07.2022,16:30:00,220.8
29.07.2022,16:45:00,108.8
29.07.2022,17:00:00,24
29.07.2022,17:15:00,27.2
29.07.2022,17:30:00,20.8
29.07.2022,17:45:00,9.6
29.07.2022,18:00:00,9.6
29.07.2022,18:15:00,16
29.07.2022,18:30:00,22.4
29.07.2022,18:45:00,28.8
29.07.2022,19:00:00,24
29.07.2022,19:15:00,35.2
29.07.2022,19:30:00,22.4
29.07.2022,19:45:00,14.4
29.07.2022,20:00:00,22.4
29.07.2022,20:15:00,22.4
29.07.2022,20:30:00,16
29.07.2022,20:45:00,9.6
29.07.2022,21:00:00,0
29.07.2022,21:15:00,0
29.07.2022,21:30:00,0
29.07.2022,21:45:00,0
29.07.2022,22:00:00,0
29.07.2022,22:15:00,0
29.07.2022,22:30:00,0
29.07.2022,22:45:00,0
29.07.2022,23:00:00,0
29.07.2022,23:15:00,0
29.07.2022,23:30:00,0
29.07.2022,23:45:00,0
30.07.2022,00:00:00,0
30.07.2022,00:15:00,0
30.07.2022,00:30:00,0
30.07.2022,00:45:00,0
30.07.2022,01:00:00,0
30.07.2022,01:15:00,0
30.07.2022,01:30:00,0
30.07.2022,01:45:00,0
30.07.2022,02:00:00,0
30.07.2022,02:15:00,0
30.07.2022,02:30:00,0
30.07.2022,02:45:00,0
30.07.2022,03:00:00,0
30.07.2022,03:15:00,0
30.07.2022,03:30:00,0
30.07.2022,03:45:00,0
30.07.2022,04:00:00,0
30.07.2022,04:15:00,0
30.07.2022,04:30:00,0
30.07.2022,04:45:00,0
30.07.2022,05:00:00,0
30.07.2022,05:15:00,0
30.07.2022,05:30:00,0
30.07.2022,05:45:00,0
30.07.2022,06:00:00,0
30.07.2022,06:15:00,0
30.07.2022,06:30:00,0
30.07.2022,06:45:00,0
30.07.2022,07:00:00,0
30.07.2022,07:15:00,0
30.07.2022,07:30:00,0
30.07.2022,07:45:00,0
30.07.2022,08:00:00,0
30.07.2022,08:15:00,0
30.07.2022,08:30:00,0
30.07.2022,08:45:00,0
30.07.2022,09:00:00,0
30.07.2022,09:15:00,0
30.07.2022,09:30:00,414.4
30.07.2022,09:45:00,531.2
30.07.2022,10:00:00,377.6
30.07.2022,10:15:00,593.6
30.07.2022,10:30:00,616
30.07.2022,10:45:00,508.8
30.07.2022,11:00:00,787.2
30.07.2022,11:15:00,916.8
30.07.2022,11:30:00,796.8
30.07.2022,11:45:00,1078.4
30.07.2022,12:00:00,1244.8
30.07.2022,12:15:00,1064
30.07.2022,12:30:00,1102.4
30.07.2022,12:45:00,1041.6
30.07.2022,13:00:00,414.4
30.07.2022,13:15:00,622.4
30.07.2022,13:30:00,446.4
30.07.2022,13:45:00,1022.4
30.07.2022,14:00:00,1035.2
30.07.2022,14:15:00,1032
30.07.2022,14:30:00,464
30.07.2022,14:45:00,572.8
30.07.2022,15:00:00,270.4
30.07.2022,15:15:00,168
30.07.2022,15:30:00,104
30.07.2022,15:45:00,304
30.07.2022,16:00:00,710.4
30.07.2022,16:15:00,609.6
30.07.2022,16:30:00,459.2
30.07.2022,16:45:00,417.6
30.07.2022,17:00:00,408
30.07.2022,17:15:00,481.6
30.07.2022,17:30:00,363.2
30.07.2022,17:45:00,316.8
30.07.2022,18:00:00,124.8
30.07.2022,18:15:00,92.8
30.07.2022,18:30:00,299.2
30.07.2022,18:45:00,112
30.07.2022,19:00:00,100.8
30.07.2022,19:15:00,78.4
30.07.2022,19:30:00,96
30.07.2022,19:45:00,107.2
30.07.2022,20:00:00,56
30.07.2022,20:15:00,41.6
30.07.2022,20:30:00,32
30.07.2022,20:45:00,14.4
30.07.2022,21:00:00,4.8
30.07.2022,21:15:00,0
30.07.2022,21:30:00,0
30.07.2022,21:45:00,0
30.07.2022,22:00:00,0
30.07.2022,22:15:00,0
30.07.2022,22:30:00,0
30.07.2022,22:45:00,0
30.07.2022,23:00:00,0
30.07.2022,23:15:00,0
30.07.2022,23:30:00,0
30.07.2022,23:45:00,0
31.07.2022,00:00:00,0
31.07.2022,00:15:00,0
31.07.2022,00:30:00,0
31.07.2022,00:45:00,0
31.07.2022,01:00:00,0
31.07.2022,01:15:00,0
31.07.2022,01:30:00,0
31.07.2022,01:45:00,0
31.07.2022,02:00:00,0
31.07.2022,02:15:00,0
31.07.2022,02:30:00,0
31.07.2022,02:45:00,0
31.07.2022,03:00:00,0
31.07.2022,03:15:00,0
31.07.2022,03:30:00,0
31.07.2022,03:45:00,0
31.07.2022,04:00:00,0
31.07.2022,04:15:00,0
31.07.2022,04:30:00,0
31.07.2022,04:45:00,0
31.07.2022,05:00:00,0
31.07.2022,05:15:00,0
31.07.2022,05:30:00,0
31.07.2022,05:45:00,0
31.07.2022,06:00:00,3.2
31.07.2022,06:15:00,24
31.07.2022,06:30:00,48
31.07.2022,06:45:00,52.8
31.07.2022,07:00:00,75.2
31.07.2022,07:15:00,100.8
31.07.2022,07:30:00,134.4
31.07.2022,07:45:00,208
31.07.2022,08:00:00,216
31.07.2022,08:15:00,352
31.07.2022,08:30:00,304
31.07.2022,08:45:00,384
31.07.2022,09:00:00,476.8
31.07.2022,09:15:00,531.2
31.07.2022,09:30:00,721.6
31.07.2022,09:45:00,795.2
31.07.2022,10:00:00,680
31.07.2022,10:15:00,849.6
31.07.2022,10:30:00,753.6
31.07.2022,10:45:00,1004.8
31.07.2022,11:00:00,1163.2
31.07.2022,11:15:00,1105.6
31.07.2022,11:30:00,1208
31.07.2022,11:45:00,1272
31.07.2022,12:00:00,1102.4
31.07.2022,12:15:00,862.4
31.07.2022,12:30:00,539.2
31.07.2022,12:45:00,1201.6
31.07.2022,13:00:00,1353.6
31.07.2022,13:15:00,1001.6
31.07.2022,13:30:00,1225.6
31.07.2022,13:45:00,1252.8
31.07.2022,14:00:00,1356.8
31.07.2022,14:15:00,1121.6
31.07.2022,14:30:00,470.4
31.07.2022,14:45:00,555.2
31.07.2022,15:00:00,740.8
31.07.2022,15:15:00,588.8
31.07.2022,15:30:00,424
31.07.2022,15:45:00,560
31.07.2022,16:00:00,388.8
31.07.2022,16:15:00,235.2
31.07.2022,16:30:00,480
31.07.2022,16:45:00,556.8
31.07.2022,17:00:00,520
31.07.2022,17:15:00,609.6
31.07.2022,17:30:00,737.6
31.07.2022,17:45:00,470.4
31.07.2022,18:00:00,393.6
31.07.2022,18:15:00,312
31.07.2022,18:30:00,321.6
31.07.2022,18:45:00,243.2
31.07.2022,19:00:00,225.6
31.07.2022,19:15:00,182.4
31.07.2022,19:30:00,144
31.07.2022,19:45:00,115.2
31.07.2022,20:00:00,62.4
31.07.2022,20:15:00,49.6
31.07.2022,20:30:00,19.2
31.07.2022,20:45:00,8
31.07.2022,21:00:00,0
31.07.2022,21:15:00,0
31.07.2022,21:30:00,0
31.07.2022,21:45:00,0
31.07.2022,22:00:00,0
31.07.2022,22:15:00,0
31.07.2022,22:30:00,0
31.07.2022,22:45:00,0
31.07.2022,23:00:00,0
31.07.2022,23:15:00,0
31.07.2022,23:30:00,0
31.07.2022,23:45:00,0
